{
    "<SM>EntityTypeProperty": {
        "1": {
            "EntityType": "Resource",
            "Name": "NumberOfOrderSlots",
            "Description": "Attribute that determines the maximum amount of order slots the line uses",
            "PropertyType": "Attribute",
            "CopyOnClone": "No",
            "BelongsTo": "",
            "ScalarType": "Int",
            "ScalarSize": "",
            "ScalarPrecision": "",
            "ReferenceType": "",
            "ReferenceName": "",
            "DefaultValue": "2",
            "IsArray": "",
            "IsEnabled": "Yes",
            "IsHistoryEnable": "Yes",
            "IsIndexed": "",
            "IsMandatory": "",
            "AccessLevel": "",
            "ValidationRange": "",
            "ValidationRegex": ""
        },
			"2": {
			"EntityType": "Material",
			"Name": "InterlockAdmissionState",
			"Description": "Enum to determine if the MO caused an interlock",
			"PropertyType": "Attribute",
			"CopyOnClone": "No",
			"BelongsTo": "",
			"ScalarType": "Int",
			"ScalarSize": "",
			"ScalarPrecision": "",
			"ReferenceType": "Enum",
			"ReferenceName": "Cmf.Custom.BusinessObjects.CustomInterlockAdmissionStateEnum",
			"DefaultValue": "0",
			"IsArray": "",
			"IsEnabled": "Yes",
			"IsHistoryEnable": "Yes",
			"IsIndexed": "",
			"IsMandatory": "",
			"AccessLevel": "340",
			"ValidationRange": "",
			"ValidationRegex": ""
		}
    },
    "<SM>DEEAction": {
        "1": {
            "Action": "CustomAutomationLoadConfigurations",
            "Description": "",
            "CodeFileRelativePath": "Automation\\CustomAutomationLoadConfigurations.cs",
            "IsEnabled": "Yes",
            "Classification": "ConnectIoT"
        }
    },
    "DEEActionOrder": {
    }
}