{
    "<SM>DEEAction": {
        "1": {
            "Action": "CustomOverrideRecipeParametersOnParallel ",
            "Description": "Sends information to IoT to update the tag with the OEE State and Reason information.",
            "CodeFileRelativePath": "ParallelExecution\\CustomOverrideRecipeParametersOnParallel.cs",
            "IsEnabled": "Yes",
            "Classification": ""
        }
    },
    "DEEActionOrder": {
		"1": {
			"ActionGroup": "RecipeManagement.RecipeManagement.PreviewRecipeInstance.Post",
			"Action": "CustomOverrideRecipeParametersOnParallel",
			"Order": "1"
		}
	}
}
