{
    "<SM>Config": {
        "1": {
            "ParentPath": "/Cmf/Custom/Forklift/ScanningConfiguration/",
            "Name": "BorderSize",
            "Value": "2px",
            "ValueType": "String"
        },
        "2": {
            "ParentPath": "/Cmf/Custom/Forklift/ScanningConfiguration/",
            "Name": "BackgroundColor",
            "Value": "#a1cfed",
            "ValueType": "String"
        },
        "3": {
            "ParentPath": "/Cmf/Custom/Forklift/ScanningConfiguration/",
            "Name": "BorderColor",
            "Value": "#007ac9",
            "ValueType": "String"
        }
    }
}