{
  "<SM>EntityTypeProperty": {
    "30": {
      "EntityType": "CustomResourceStateReclassification",
      "Name": "StateReasonDetails",
      "Description": "",
      "PropertyType": "CustomProperty",
      "CopyOnClone": "No",
      "BelongsTo": "Revision",
      "ScalarType": "NVarChar",
      "ScalarSize": "256",
      "ScalarPrecision": "0",
      "ReferenceType": "None",
      "ReferenceName": "",
      "DefaultValue": "",
      "IsArray": "No",
      "IsEnabled": "Yes",
      "IsHistoryEnable": "No",
      "IsIndexed": "No",
      "IsMandatory": "No",
      "AccessLevel": "0",
      "ValidationRange": "",
      "ValidationRegex": "",
      "DataGroup": "",
      "LoadToDWH": "No",
      "LocalizedMessageKey": ""
    },
    "31": {
      "EntityType": "CustomResourceStateReclassification",
      "Name": "WO",
      "Description": "",
      "PropertyType": "CustomProperty",
      "CopyOnClone": "No",
      "BelongsTo": "Revision",
      "ScalarType": "NVarChar",
      "ScalarSize": "256",
      "ScalarPrecision": "0",
      "ReferenceType": "None",
      "ReferenceName": "",
      "DefaultValue": "",
      "IsArray": "No",
      "IsEnabled": "Yes",
      "IsHistoryEnable": "No",
      "IsIndexed": "No",
      "IsMandatory": "No",
      "AccessLevel": "0",
      "ValidationRange": "",
      "ValidationRegex": "",
      "DataGroup": "",
      "LoadToDWH": "No",
      "LocalizedMessageKey": ""
    }
  },
  "<ST>SmartTable": {
    "1": {
      "Name": "CustomResourceStateModelAndReason",
      "Description": "Table to resolve State Model State and Reason for a given Facility, Area and/or Resource",
      "HistoryRetentionTime": "0",
      "IsHistoryEnabled": "No",
      "IsRepeatedValuesAllowed": "Yes",
      "DataGroup": ""
    }
  },
  "SmartTableProperties": {
    "1": {
      "SmartTable": "CustomResourceStateModelAndReason",
      "Name": "Facility",
      "Position": "1",
      "Description": "Resolve the row for the entire facility",
      "IsKey": "Yes",
      "IsIndexed": "No",
      "IsMandatory": "No",
      "ScalarType": "NVarChar",
      "Size": "512",
      "Precision": "",
      "ReferenceType": "EntityType",
      "ReferenceName": "Facility.Name",
      "ValidationRange": "",
      "ValidationRegex": "",
      "DataGroup": ""
    },
    "2": {
      "SmartTable": "CustomResourceStateModelAndReason",
      "Name": "Area",
      "Position": "2",
      "Description": "Resolve the row for the entire area",
      "IsKey": "Yes",
      "IsIndexed": "No",
      "IsMandatory": "No",
      "ScalarType": "NVarChar",
      "Size": "512",
      "Precision": "",
      "ReferenceType": "EntityType",
      "ReferenceName": "Area.Name",
      "ValidationRange": "",
      "ValidationRegex": "",
      "DataGroup": ""
    },
    "3": {
      "SmartTable": "CustomResourceStateModelAndReason",
      "Name": "Resource",
      "Position": "3",
      "Description": "Resolve the row for the entire resource",
      "IsKey": "Yes",
      "IsIndexed": "No",
      "IsMandatory": "No",
      "ScalarType": "NVarChar",
      "Size": "512",
      "Precision": "",
      "ReferenceType": "EntityType",
      "ReferenceName": "Resource.Name",
      "ValidationRange": "",
      "ValidationRegex": "",
      "DataGroup": ""
    },
    "4": {
      "SmartTable": "CustomResourceStateModelAndReason",
      "Name": "State",
      "Position": "4",
      "Description": "State Model State to be returned",
      "IsKey": "No",
      "IsIndexed": "No",
      "IsMandatory": "Yes",
      "ScalarType": "NVarChar",
      "Size": "512",
      "Precision": "",
      "ReferenceType": "None",
      "ReferenceName": "",
      "ValidationRange": "",
      "ValidationRegex": "",
      "DataGroup": ""
    },
    "5": {
      "SmartTable": "CustomResourceStateModelAndReason",
      "Name": "Reason",
      "Position": "5",
      "Description": "State Model State Reason to be returned",
      "IsKey": "No",
      "IsIndexed": "No",
      "IsMandatory": "No",
      "ScalarType": "NVarChar",
      "Size": "512",
      "Precision": "",
      "ReferenceType": "None",
      "ReferenceName": "",
      "ValidationRange": "",
      "ValidationRegex": "",
      "DataGroup": ""
    }
  },
  "SmartTablePrecedenceKeys": {
    "1": {
      "SmartTable": "CustomResourceStateModelAndReason",
      "PrecedenceKey1": "Facility+Area+Resource",
      "PrecedenceKey2": "Facility+Resource",
      "PrecedenceKey3": "Area+Resource",
      "PrecedenceKey4": "Facility+Area",
      "PrecedenceKey5": "Facility",
      "PrecedenceKey6": "Area",
      "PrecedenceKey7": "Resource"
    }
  }
}