{
    "<SM>LocalizedMessageKey": {
        "1": {
            "Name": "CustomScanSubstituteProductFromSFG",
            "Description": "Localized message when the operator tries to create a new material of the substitute product of a SFG",
            "MessageType": "Message",
            "UsageType": "Biz",
            "en-US": "Cannot create a new material for a substitute product of a Semi-Finished Good. BOMs: {0}",
            "de-DE": "",
            "zh-CN": "",
            "pt-PT": "",
            "zh-TW": "",
            "vi-VN": "",
            "pl-PL": ""
        }
    }
}