{
    "<SM>Config": {
        "1": {
            "ParentPath": "/Cmf/Custom/DirectFeeding/",
            "Name": "EnableDirectFeeding",
            "Value": "false",
            "ValueType": "Boolean"
        },
        "2": {
            "ParentPath": "/Cmf/Custom/Automation/",
            "Name": "MillisecondsBetweenReconnections",
            "Value": "10000",
            "ValueType": "Int32"
        }
    },
    "<SM>EntityTypeProperty": {
        "1": {
            "EntityType": "Material",
            "Name": "DirectFeedingMode",
            "Description": "Enum to determine if DirectFeeding mode",
            "PropertyType": "Attribute",
            "CopyOnClone": "No",
            "BelongsTo": "",
            "ScalarType": "Int",
            "ScalarSize": "",
            "ScalarPrecision": "",
            "ReferenceType": "Enum",
            "ReferenceName": "Cmf.Custom.BusinessObjects.CustomDirectFeedingModeEnum",
            "DefaultValue": "",
            "IsArray": "",
            "IsEnabled": "Yes",
            "IsHistoryEnable": "Yes",
            "IsIndexed": "",
            "IsMandatory": "",
            "AccessLevel": "",
            "ValidationRange": "",
            "ValidationRegex": ""
        },
        "2": {
            "EntityType": "Material",
            "Name": "DirectFeedingCounterPart",
            "Description": "Direct Feeding MO Counterpart",
            "PropertyType": "Attribute",
            "CopyOnClone": "No",
            "BelongsTo": "",
            "ScalarType": "NVarChar",
            "ScalarSize": "256",
            "ScalarPrecision": "",
            "ReferenceType": "",
            "ReferenceName": "",
            "DefaultValue": "",
            "IsArray": "",
            "IsEnabled": "Yes",
            "IsHistoryEnable": "Yes",
            "IsIndexed": "",
            "IsMandatory": "",
            "AccessLevel": "",
            "ValidationRange": "",
            "ValidationRegex": ""
        },
        "3": {
            "EntityType": "Resource",
            "Name": "DirectFeedingEnabled",
            "Description": "Flag to determine if DirectFeeding is enabled for resource",
            "PropertyType": "Attribute",
            "CopyOnClone": "No",
            "BelongsTo": "",
            "ScalarType": "Bit",
            "ScalarSize": "",
            "ScalarPrecision": "",
            "ReferenceType": "",
            "ReferenceName": "",
            "DefaultValue": "",
            "IsArray": "",
            "IsEnabled": "Yes",
            "IsHistoryEnable": "Yes",
            "IsIndexed": "",
            "IsMandatory": "",
            "AccessLevel": "",
            "ValidationRange": "",
            "ValidationRegex": ""
        },
        "4": {
            "EntityType": "Resource",
            "Name": "DirectFeedingIsFirstLine",
            "Description": "Flag to determine if resource is First Line in DirectFeeding",
            "PropertyType": "Attribute",
            "CopyOnClone": "No",
            "BelongsTo": "",
            "ScalarType": "Bit",
            "ScalarSize": "",
            "ScalarPrecision": "",
            "ReferenceType": "",
            "ReferenceName": "",
            "DefaultValue": "",
            "IsArray": "",
            "IsEnabled": "Yes",
            "IsHistoryEnable": "Yes",
            "IsIndexed": "",
            "IsMandatory": "",
            "AccessLevel": "",
            "ValidationRange": "",
            "ValidationRegex": ""
        },
        "5": {
            "EntityType": "Resource",
            "Name": "DirectFeedingSendRequestTo",
            "Description": "Resource name of direct feeding counterpart",
            "PropertyType": "Attribute",
            "CopyOnClone": "No",
            "BelongsTo": "",
            "ScalarType": "NVarChar",
            "ScalarSize": "256",
            "ScalarPrecision": "",
            "ReferenceType": "",
            "ReferenceName": "",
            "DefaultValue": "",
            "IsArray": "",
            "IsEnabled": "Yes",
            "IsHistoryEnable": "Yes",
            "IsIndexed": "",
            "IsMandatory": "",
            "AccessLevel": "",
            "ValidationRange": "",
            "ValidationRegex": ""
        },
        "6": {
            "EntityType": "Resource",
            "Name": "DirectFeedingOutfeederResource",
            "Description": "Resource name of direct feeding outfeeder",
            "PropertyType": "Attribute",
            "CopyOnClone": "No",
            "BelongsTo": "",
            "ScalarType": "NVarChar",
            "ScalarSize": "256",
            "ScalarPrecision": "",
            "ReferenceType": "",
            "ReferenceName": "",
            "DefaultValue": "",
            "IsArray": "",
            "IsEnabled": "Yes",
            "IsHistoryEnable": "Yes",
            "IsIndexed": "",
            "IsMandatory": "",
            "AccessLevel": "",
            "ValidationRange": "",
            "ValidationRegex": ""
        }
    },
    "<ST>SmartTable": {
        "1": {
            "Name": "CustomDirectFeedingRecipeMode",
            "Description": "Define Direct feeding mode based on resource and recipes",
            "HistoryRetentionTime": "",
            "IsHistoryEnabled": "Yes",
            "IsRepeatedValuesAllowed": "No",
            "DataGroup": ""
        }
    },
    "SmartTableProperties": {
        "1": {
            "SmartTable": "CustomDirectFeedingRecipeMode",
            "Name": "Resource",
            "Position": "1",
            "Description": "Resource",
            "IsKey": "Yes",
            "IsIndexed": "No",
            "IsMandatory": "No",
            "ScalarType": "NVarchar",
            "Size": "256",
            "Precision": "0",
            "ReferenceType": "EntityType",
            "ReferenceName": "Resource.Name",
            "ValidationRange": "",
            "ValidationRegex": "",
            "DataGroup": ""
        },
        "2": {
            "SmartTable": "CustomDirectFeedingRecipeMode",
            "Name": "Recipe",
            "Position": "2",
            "Description": "Recipe",
            "IsKey": "Yes",
            "IsIndexed": "No",
            "IsMandatory": "No",
            "ScalarType": "NVarchar",
            "Size": "256",
            "Precision": "0",
            "ReferenceType": "EntityType",
            "ReferenceName": "Recipe.Name",
            "ValidationRange": "",
            "ValidationRegex": "",
            "DataGroup": ""
        },
        "3": {
            "SmartTable": "CustomDirectFeedingRecipeMode",
            "Name": "DirectFeedingMode",
            "Position": "3",
            "Description": "DirectFeedingMode",
            "IsKey": "No",
            "IsIndexed": "No",
            "IsMandatory": "Yes",
            "ScalarType": "Int",
            "Size": "256",
            "Precision": "",
            "ReferenceType": "Enum",
            "ReferenceName": "Cmf.Custom.BusinessObjects.CustomDirectFeedingModeEnum",
            "ValidationRange": "",
            "ValidationRegex": "",
            "DataGroup": ""
        }
    },
    "SmartTablePrecedenceKeys": {
        "1": {
            "SmartTable": "CustomDirectFeedingRecipeMode",
            "PrecedenceKey1": "Resource+Recipe",
            "PrecedenceKey2": "Resource",
            "PrecedenceKey3": "Recipe"
        }
    },
    "<SM>DEEAction": {
        "1": {
            "Action": "CustomAutomationLoadConfigurations",
            "Description": "",
            "CodeFileRelativePath": "Automation\\CustomAutomationLoadConfigurations.cs",
            "IsEnabled": "Yes",
            "Classification": "ConnectIoT"
        },
        "2": {
            "Action": "CustomAutomationDownloadOrderToLineController",
            "Description": "Downloads Orders To Automation",
            "CodeFileRelativePath": "Automation\\CustomAutomationDownloadOrderToLineController.cs",
            "IsEnabled": "Yes",
            "Classification": "ConnectIoT"
        },
        "3": {
            "Action": "CustomDirectFeedingResolveMOModeAtTrackIn",
            "Description": "Updates the MO mode when tracked-in in the first line or second line. The action will resolve the smart table CustomDirectFeedingRecipeMode and save the mode in the MO.",
            "CodeFileRelativePath": "DirectFeeding\\CustomDirectFeedingResolveMOModeAtTrackIn.cs",
            "IsEnabled": "Yes",
            "Classification": ""
        },
        "4": {
            "Action": "CustomDirectFeedingValidateModeOnAttach",
            "Description": "Validates if the Direct Feeding modes of pallet and resource are equal.",
            "CodeFileRelativePath": "DirectFeeding\\CustomDirectFeedingValidateModeOnAttach.cs",
            "IsEnabled": "Yes",
            "Classification": ""
        },
        "5": {
            "Action": "CustomAutomationPartialTrackOut",
            "Description": "Unit Complete",
            "CodeFileRelativePath": "Automation\\CustomAutomationPartialTrackOut.cs",
            "IsEnabled": "Yes",
            "Classification": "ConnectIoT"
        },
        "6": {
            "Action": "CustomAutomationSendAttachInformation",
            "Description": "Sends information of an Attach on a subresource to IOT",
            "CodeFileRelativePath": "Automation\\CustomAutomationSendAttachInformation.cs",
            "IsEnabled": "Yes",
            "Classification": "ConnectIoT"
        },
        "7": {
            "Action": "CustomUnitCompleteHandler",
            "Description": "",
            "CodeFileRelativePath": "MaterialTracking\\CustomUnitCompleteHandler.cs",
            "IsEnabled": "Yes",
            "Classification": "IKEA.Business"
        },
        "9": {
            "Action": "CustomMaterialValidateSetup",
            "Description": "Action to validate if the materials are ready for production and report that information to automation",
            "CodeFileRelativePath": "Materials\\CustomMaterialValidateSetup.cs",
            "IsEnabled": "Yes",
            "Classification": "IKEA.Materials"
        },
        "10": {
            "Action": "CustomAutomationAttachedFirstConsumption",
            "Description": "Consumable first consumption",
            "CodeFileRelativePath": "Automation\\CustomAutomationAttachedFirstConsumption.cs",
            "IsEnabled": "Yes",
            "Classification": "ConnectIoT"
        },
        "11": {
            "Action": "CustomValidateResourcesAtPreDispatch",
            "Description": "Action To Validate Existing Resources with State Up before Dispatch",
            "CodeFileRelativePath": "Materials\\CustomValidateResourcesAtPreDispatch.cs",
            "IsEnabled": "Yes",
            "Classification": "IKEA.Materials"
        }
    },
    "DEEActionOrder": {
        "1": {
            "ActionGroup": "MaterialManagement.MaterialManagementOrchestration.ComplexTrackInMaterials.Post",
            "Action": "CustomDirectFeedingResolveMOModeAtTrackIn",
            "Order": "1"
        },
        "2": {
            "ActionGroup": "ResourceManagement.ResourceManagementOrchestration.AttachConsumableToResource.Pre",
            "Action": "CustomDirectFeedingValidateModeOnAttach",
            "Order": "1"
        },
        "3": {
            "ActionGroup": "ResourceManagement.ResourceManagementOrchestration.AttachConsumablesToResource.Pre",
            "Action": "CustomDirectFeedingValidateModeOnAttach",
            "Order": "2"
        },
        "4": {
            "ActionGroup": "DispatchManagement.DispatchManagementOrchestration.GetDispatchListForMaterial.Pre",
            "Action": "CustomValidateResourcesAtPreDispatch",
            "Order": "1"
        }
    },
    "<SM>LocalizedMessageKey": {
        "1": {
            "Name": "CustomTrackInMOAndCounterPartDirectFeedingModesAreNotEqualMessage",
            "Description": "Exception message displayed when the DirectFeedingMode of the MO that is being tracked-in is not equal to its counter part.",
            "MessageType": "Message",
            "UsageType": "Biz",
            "en-US": "Cannot track-in MO {0}: The DirectFeedingMode of MO {0} and its counter part {1} are not equal.",
            "de-DE": "",
            "zh-CN": "",
            "pt-PT": "",
            "zh-TW": "",
            "vi-VN": "",
            "pl-PL": ""
        },
        "2": {
            "Name": "CustomDirectFeedingResourceCounterPartNoValid",
            "Description": "Error shown when trying use a resource that doesn't exist or the name isn't valid.",
            "MessageType": "Message",
            "UsageType": "Biz",
            "en-US": "The direct feeding counterpart for resource {0} doesn't exist or name isn't configured correctly.",
            "de-DE": "",
            "zh-CN": "",
            "pt-PT": "",
            "zh-TW": "",
            "vi-VN": "",
            "pl-PL": ""
        },
        "3": {
            "Name": "CustomTrackInMOFirstLineDefaultCompletedQuantityIsNotEqualOrHigherMessage",
            "Description": "Exception message displayed when the Default Completed Quantity of the MO on the second line is not equal to one in the first line.",
            "MessageType": "Message",
            "UsageType": "Biz",
            "en-US": "Cannot track-in MO {0}: The Default Completed Quantity of counter part MO {1} is not equal to the current MO {0}.",
            "de-DE": "",
            "zh-CN": "",
            "pt-PT": "",
            "zh-TW": "",
            "vi-VN": "",
            "pl-PL": ""
        },
        "4": {
            "Name": "CustomTrackInMOFirstLineNotSetUp",
            "Description": "Exception message displayed when the first line is not setup.",
            "MessageType": "Message",
            "UsageType": "Biz",
            "en-US": "Cannot track-in MO {0}: The first line {1} is not setup.",
            "de-DE": "",
            "zh-CN": "",
            "pt-PT": "",
            "zh-TW": "",
            "vi-VN": "",
            "pl-PL": ""
        },
        "5": {
            "Name": "CustomTrackInMODirectFeedingSendRequestToNotDefined",
            "Description": "Exception message displayed when the attribute DirectFeedingSendRequestTo of the second line is not defined.",
            "MessageType": "Message",
            "UsageType": "Biz",
            "en-US": "Cannot track-in MO {0}: Missing configuration of DirectFeedingSendRequestTo attribute.",
            "de-DE": "",
            "zh-CN": "",
            "pt-PT": "",
            "zh-TW": "",
            "vi-VN": "",
            "pl-PL": ""
        },
        "6": {
            "Name": "CustomAttachConsumableNotValidInDirectFeedingMode",
            "Description": "Exception message displayed when a consumable (pallet) is attached manually on a direct feeding.",
            "MessageType": "Message",
            "UsageType": "Biz",
            "en-US": "Cannot attach pallet on resource {0}: Attach process not valid for DirectFeeding mode.",
            "de-DE": "",
            "zh-CN": "",
            "pt-PT": "",
            "zh-TW": "",
            "vi-VN": "",
            "pl-PL": ""
        },
        "7": {
            "Name": "CustomPalletizeMaterialFirstLineNotSetUp",
            "Description": "Exception message displayed when the first line is not setup correctly. Not materials in process",
            "MessageType": "Message",
            "UsageType": "Biz",
            "en-US": "Cannot palletize MO: The first line {1} does not have any materials in process.",
            "de-DE": "",
            "zh-CN": "",
            "pt-PT": "",
            "zh-TW": "",
            "vi-VN": "",
            "pl-PL": ""
        },
        "8": {
            "Name": "CustomPalletizeNotSuccessfulOnFirstLine",
            "Description": "Exception message displayed when there is a problem on the palletization on the first line",
            "MessageType": "Message",
            "UsageType": "Biz",
            "en-US": "There was a problem in request of palletization of first Line: {0}.",
            "de-DE": "",
            "zh-CN": "",
            "pt-PT": "",
            "zh-TW": "",
            "vi-VN": "",
            "pl-PL": ""
        },
        "9": {
            "Name": "CustomDirectFeedingCounterPartUnfinished",
            "Description": "Error shown when trying to abort or complete an order on a packing line when its counterpart still hasn't stopped yet.",
            "MessageType": "Message",
            "UsageType": "Biz",
            "en-US": "Second Line DirectFeedingCounterPart order hasn't been finished yet.",
            "de-DE": "",
            "zh-CN": "",
            "pt-PT": "",
            "zh-TW": "",
            "vi-VN": "",
            "pl-PL": ""
        },
        "10": {
            "Name": "CustomDirectFeedingSecondLineCounterPartNotValid",
            "Description": "Error shown when trying to use an order that doesn't exist or the name isn't valid.",
            "MessageType": "Message",
            "UsageType": "Biz",
            "en-US": "The direct feeding counterpart for order {0} in second line doesn't exist or name isn't configured correctly.",
            "de-DE": "",
            "zh-CN": "",
            "pt-PT": "",
            "zh-TW": "",
            "vi-VN": "",
            "pl-PL": ""
        },
        "11": {
            "Name": "CustomDirectFeedingResourceNotFound",
            "Description": "Exception message displayed when the material's resource is not found.",
            "MessageType": "Message",
            "UsageType": "Biz",
            "en-US": "The resource for material {0} was not found.",
            "de-DE": "",
            "zh-CN": "",
            "pt-PT": "",
            "zh-TW": "",
            "vi-VN": "",
            "pl-PL": ""
        },
        "12": {
            "Name": "CustomTrackInMOSecondLineQuantityIsNotEqualOrHigherMessage",
            "Description": "Exception message displayed when the Default Completed Quantity of the MO on the first line is not higher or equal to the one in the second line.",
            "MessageType": "Message",
            "UsageType": "Biz",
            "en-US": "Cannot track-in MO {0}: The Quantity of counter part MO {1} is lower than the current MO {0}.",
            "de-DE": "",
            "zh-CN": "",
            "pt-PT": "",
            "zh-TW": "",
            "vi-VN": "",
            "pl-PL": ""
        },
        "13": {
            "Name": "CustomDirectFeedingOrderStillInProcess",
            "Description": "Exception message displayed when a resource still has an order in process while trying to start a new order.",
            "MessageType": "Message",
            "UsageType": "Biz",
            "en-US": "Cannot start order {0}: The resource {1} still has an order in process.",
            "de-DE": "",
            "zh-CN": "",
            "pt-PT": "",
            "zh-TW": "",
            "vi-VN": "",
            "pl-PL": ""
        },
        "14": {
            "Name": "CustomTrackInResourceAttributesNotSetupCorrectlyMessage",
            "Description": "Exception message displayed when the resources' attributes are not setup correctly for direct feeding.",
            "MessageType": "Message",
            "UsageType": "Biz",
            "en-US": "The resource {0} is not correctly setup for Direct Feeding. Attributes aren't correctly defined.",
            "de-DE": "",
            "zh-CN": "",
            "pt-PT": "",
            "zh-TW": "",
            "vi-VN": "",
            "pl-PL": ""
        },
        "15": {
            "Name": "CustomIoT1100Message",
            "Description": "Error shown when trying to clear interlock but direct feeding interlock is still active.",
            "MessageType": "Message",
            "UsageType": "Biz",
            "en-US": "Clear Interlock failed. DirectFeeding interlock is still active.",
            "de-DE": "",
            "zh-CN": "",
            "pt-PT": "",
            "zh-TW": "",
            "vi-VN": "",
            "pl-PL": ""
        },
        "16": {
            "Name": "CustomErrorMessageRequestingReductionQuantityOutfeederNotDefined",
            "Description": "Error requesting reduction of pallet quantity on outfeeder, not defined correctly.",
            "MessageType": "Message",
            "UsageType": "Biz",
            "en-US": "Error requesting reduction of pallet quantity on outfeeder: Outfeeder for resource {0} is not defined correctly.",
            "de-DE": "",
            "zh-CN": "",
            "pt-PT": "",
            "zh-TW": "",
            "vi-VN": "",
            "pl-PL": ""
        },
        "17": {
            "Name": "CustomDirectFeedingCounterpartMaterialDoesNotHaveEnoughQuantity",
            "Description": "Error trying to palletize counter part material but not having enough quantity to do it.",
            "MessageType": "Message",
            "UsageType": "Biz",
            "en-US": "Cannot perform palletization on counterpart material {0}: The material does not have the necessary quantity, it needs {1} in order to palletize.",
            "de-DE": "",
            "zh-CN": "",
            "pt-PT": "",
            "zh-TW": "",
            "vi-VN": "",
            "pl-PL": ""
        },
        "18": {
            "Name": "CustomDirectFeedingDownloadFailNoOrderModeMessage",
            "Description": "Exception message displayed during order download when the order has DirectFeedingMode disabled, but the Resource DirectFeedingEnabled is ON.",
            "MessageType": "Message",
            "UsageType": "Biz",
            "en-US": "Cannot download order. DirectFeeding is enabled on the resource, but the order is not set to directFeeding.",
            "de-DE": "",
            "zh-CN": "",
            "pt-PT": "",
            "zh-TW": "",
            "vi-VN": "",
            "pl-PL": ""
        },
        "19": {
            "Name": "CustomDirectFeedingDownloadFailDirectFeedingDisabledMessage",
            "Description": "Exception message displayed during order download when the order has DirectFeedingMode enabled, but the Resource DirectFeedingEnabled is OFF.",
            "MessageType": "Message",
            "UsageType": "Biz",
            "en-US": "Cannot download order. DirectFeeding is disabled on the resource, but the order is set to directFeeding.",
            "de-DE": "",
            "zh-CN": "",
            "pt-PT": "",
            "zh-TW": "",
            "vi-VN": "",
            "pl-PL": ""
        }
    },
    "<GT>CustomIoTResponseCodes": {
        "1": {
            "ResponseCode": "1100",
            "Description": "Error Code for direct feeding clear interlock button press. DirectFeeding Interlock is active",
            "LocalizedMessage": "CustomIoT1100Message"
        }
    }
}