{
    "WorksheetNameMapping": {
        "1": {
            "WorksheetName": "STERPPalletTypes",
            "Value": "<ST>CustomERPReportablePalletTypes"
        }
    },
    "<ST>SmartTable": {
        "1": {
            "Name": "CustomERPReportablePalletTypes",
            "Description": "Defines what material types should be reported to ERP",
            "HistoryRetentionTime": "",
            "IsHistoryEnabled": "Yes",
            "IsRepeatedValuesAllowed": "Yes",
            "DataGroup": ""
        }
    },
    "SmartTableProperties": {
        "1": {
            "SmartTable": "CustomERPReportablePalletTypes",
            "Name": "Facility",
            "Position": "1",
            "Description": "Facility",
            "IsKey": "Yes",
            "IsIndexed": "No",
            "IsMandatory": "No",
            "ScalarType": "NVarchar",
            "Size": "256",
            "Precision": "0",
            "ReferenceType": "EntityType",
            "ReferenceName": "Facility.Name",
            "ValidationRange": "",
            "ValidationRegex": "",
            "DataGroup": ""
        },
        "2": {
            "SmartTable": "CustomERPReportablePalletTypes",
            "Name": "Area",
            "Position": "2",
            "Description": "Area",
            "IsKey": "Yes",
            "IsIndexed": "No",
            "IsMandatory": "No",
            "ScalarType": "NVarchar",
            "Size": "256",
            "Precision": "0",
            "ReferenceType": "EntityType",
            "ReferenceName": "Area.Name",
            "ValidationRange": "",
            "ValidationRegex": "",
            "DataGroup": ""
        },
        "3": {
            "SmartTable": "CustomERPReportablePalletTypes",
            "Name": "Resource",
            "Position": "3",
            "Description": "Resource",
            "IsKey": "Yes",
            "IsIndexed": "No",
            "IsMandatory": "No",
            "ScalarType": "NVarchar",
            "Size": "256",
            "Precision": "0",
            "ReferenceType": "EntityType",
            "ReferenceName": "Resource.Name",
            "ValidationRange": "",
            "ValidationRegex": "",
            "DataGroup": ""
        },
        "4": {
            "SmartTable": "CustomERPReportablePalletTypes",
            "Name": "MaterialType",
            "Position": "4",
            "Description": "MaterialType",
            "IsKey": "Yes",
            "IsIndexed": "No",
            "IsMandatory": "Yes",
            "ScalarType": "NVarchar",
            "Size": "256",
            "Precision": "0",
            "ReferenceType": "LookupValue",
            "ReferenceName": "MaterialType",
            "ValidationRange": "",
            "ValidationRegex": "",
            "DataGroup": ""
        },
        "5": {
            "SmartTable": "CustomERPReportablePalletTypes",
            "Name": "IsOperationTrackingReportable",
            "Position": "5",
            "Description": "IsOperationTrackingReportable",
            "IsKey": "No",
            "IsIndexed": "No",
            "IsMandatory": "Yes",
            "ScalarType": "Bit",
            "Size": "",
            "Precision": "",
            "ReferenceType": "None",
            "ReferenceName": "",
            "ValidationRange": "",
            "ValidationRegex": "",
            "DataGroup": ""
        },
        "6": {
            "SmartTable": "CustomERPReportablePalletTypes",
            "Name": "IsERPUnitCompleteReportable",
            "Position": "6",
            "Description": "IsERPUnitCompleteReportable",
            "IsKey": "No",
            "IsIndexed": "No",
            "IsMandatory": "Yes",
            "ScalarType": "Bit",
            "Size": "",
            "Precision": "",
            "ReferenceType": "None",
            "ReferenceName": "",
            "ValidationRange": "",
            "ValidationRegex": "",
            "DataGroup": ""
        }
    },
    "SmartTablePrecedenceKeys": {
        "1": {
            "SmartTable": "CustomERPReportablePalletTypes",
            "PrecedenceKey1": "Facility+Area+Resource+MaterialType",
            "PrecedenceKey2": "Area+Resource+MaterialType",
            "PrecedenceKey3": "Facility+Resource+MaterialType",
            "PrecedenceKey4": "Facility+Area+MaterialType",
            "PrecedenceKey5": "Resource+MaterialType",
            "PrecedenceKey6": "Area+MaterialType",
            "PrecedenceKey7": "Facility+MaterialType",
            "PrecedenceKey8": "Resource",
            "PrecedenceKey9": "Area",
            "PrecedenceKey10": "Facility",
            "PrecedenceKey11": "MaterialType"
        }
    },
    "<LOOKUP>STERPPalletTypes": {
        "1": {
            "Facility": "",
            "Area": "",
            "Resource": "",
            "MaterialType": "Good",
            "IsOperationTrackingReportable": "true",
            "IsERPUnitCompleteReportable": "true"
        },
        "2": {
            "Facility": "",
            "Area": "",
            "Resource": "",
            "MaterialType": "Outsorted",
            "IsOperationTrackingReportable": "true",
            "IsERPUnitCompleteReportable": "true"
        },
        "3": {
            "Facility": "",
            "Area": "",
            "Resource": "",
            "MaterialType": "Durable",
            "IsOperationTrackingReportable": "false",
            "IsERPUnitCompleteReportable": "true"
        },
        "4": {
            "Facility": "",
            "Area": "",
            "Resource": "",
            "MaterialType": "Batch",
            "IsOperationTrackingReportable": "false",
            "IsERPUnitCompleteReportable": "true"
        },
        "5": {
            "Facility": "",
            "Area": "",
            "Resource": "",
            "MaterialType": "ProcessLoss",
            "IsOperationTrackingReportable": "false",
            "IsERPUnitCompleteReportable": "true"
        },
        "6": {
            "Facility": "",
            "Area": "",
            "Resource": "",
            "MaterialType": "Repair",
            "IsOperationTrackingReportable": "false",
            "IsERPUnitCompleteReportable": "true"
        },
        "7": {
            "Facility": "",
            "Area": "",
            "Resource": "",
            "MaterialType": "Rework",
            "IsOperationTrackingReportable": "false",
            "IsERPUnitCompleteReportable": "true"
        },
        "8": {
            "Facility": "",
            "Area": "",
            "Resource": "",
            "MaterialType": "SampleTesting",
            "IsOperationTrackingReportable": "false",
            "IsERPUnitCompleteReportable": "true"
        },
        "9": {
            "Facility": "",
            "Area": "",
            "Resource": "",
            "MaterialType": "Scrap",
            "IsOperationTrackingReportable": "false",
            "IsERPUnitCompleteReportable": "true"
        },
        "10": {
            "Facility": "",
            "Area": "",
            "Resource": "",
            "MaterialType": "Standard",
            "IsOperationTrackingReportable": "false",
            "IsERPUnitCompleteReportable": "true"
        },
        "11": {
            "Facility": "",
            "Area": "",
            "Resource": "",
            "MaterialType": "LeftOver",
            "IsOperationTrackingReportable": "false",
            "IsERPUnitCompleteReportable": "true"
        },
        "12": {
            "Facility": "",
            "Area": "",
            "Resource": "",
            "MaterialType": "Consumable",
            "IsOperationTrackingReportable": "false",
            "IsERPUnitCompleteReportable": "true"
        },
        "13": {
            "Facility": "",
            "Area": "",
            "Resource": "",
            "MaterialType": "ReRun",
            "IsOperationTrackingReportable": "false",
            "IsERPUnitCompleteReportable": "false"
        },
        "14": {
            "Facility": "",
            "Area": "",
            "Resource": "",
            "MaterialType": "DirectRepair",
            "IsOperationTrackingReportable": "false",
            "IsERPUnitCompleteReportable": "false"
        }
    },
    "<SM>DEEAction": {
        "1": {
          "Action": "CustomERPOperationTrackingProcess",
          "Description": "",
          "CodeFileRelativePath": "ERP\\CustomERPOperationTrackingProcess.cs",
          "IsEnabled": "Yes",
          "Classification": "IKEA.ERP"
        },
        "2": {
          "Action": "CustomERPUnitCompleteComunication",
          "Description": "Send a message to ERP indicating the completion of an unit",
          "CodeFileRelativePath": "ERP\\CustomERPUnitCompleteComunication.cs",
          "IsEnabled": "Yes",
          "Classification": "IKEA.ERP"
        }
    }
}