{
  "WorksheetNameMapping": {
    "1": {
      "WorksheetName": "IntegrationHandler",
      "Value": "<ST>IntegrationHandlerResolution"
    }
  },
  "<GT>GenericTable": {
    "1": {
      "Name": "CustomNiceLabelIntegrationEntries",
      "Description": "Table that stores the current Integration Entries associated with a material/resource.",
      "HistoryRetentionTime": "",
      "IsHistoryEnabled": "FALSE",
      "DataGroup": ""
    }
  },
  "GenericTableProperties": {
    "1": {
      "GenericTable": "CustomNiceLabelIntegrationEntries",
      "Name": "IntegrationEntry",
      "Position": "1",
      "Description": "The Integration Entry",
      "DefaultValue": "",
      "IsKey": "TRUE",
      "IsMandatory": "TRUE",
      "ScalarType": "NVarChar",
      "Size": "256",
      "Precision": "",
      "ReferenceType": "EntityType",
      "ReferenceName": "IntegrationEntry.Name",
      "ValidationRange": "",
      "ValidationRegex": "",
      "DataGroup": ""
    },
    "2": {
      "GenericTable": "CustomNiceLabelIntegrationEntries",
      "Name": "Resource",
      "Position": "2",
      "Description": "The Resource name from where the material was produced",
      "DefaultValue": "",
      "IsKey": "TRUE",
      "IsMandatory": "TRUE",
      "ScalarType": "NVarChar",
      "Size": "256",
      "Precision": "",
      "ReferenceType": "EntityType",
      "ReferenceName": "Resource.Name",
      "ValidationRange": "",
      "ValidationRegex": "",
      "DataGroup": ""
    },
    "3": {
      "GenericTable": "CustomNiceLabelIntegrationEntries",
      "Name": "Material",
      "Position": "3",
      "Description": "The material to be retrieved",
      "DefaultValue": "",
      "IsKey": "TRUE",
      "IsMandatory": "TRUE",
      "ScalarType": "NVarChar",
      "Size": "256",
      "Precision": "",
      "ReferenceType": "EntityType",
      "ReferenceName": "Material.Name",
      "ValidationRange": "",
      "ValidationRegex": "",
      "DataGroup": ""
    }
  },
  "<SM>DEEAction": {
    "1": {
      "Action": "CustomNiceLabelHandler",
      "Description": "DEE to handle NiceLabel Integration entries",
      "CodeFileRelativePath": "NiceLabel\\CustomNiceLabelHandler.cs",
      "IsEnabled": "Yes",
      "Classification": "IKEA.Materials"
    },
    "2": {
      "Action": "CustomNiceLabelErrorHandler ",
      "Description": "DEE to handle NiceLabel Integration entries when there is an error",
      "CodeFileRelativePath": "NiceLabel\\CustomNiceLabelErrorHandler.cs",
      "IsEnabled": "Yes",
      "Classification": "IKEA.Materials"
    }
  },
  "DEEActionOrder": {
	} ,
  "<SM>LocalizedMessageKey": {
    "1": {
      "Name": "CustomNiceLabelIntegrationEntryIntegrationEntryNotOnGenericTable",
      "Description": "Error message to be thrown when a Nice Label Integration Entry was not on the NiceLabelIntegrationEntries Generic Table",
      "MessageType": "Message",
      "UsageType": "Biz",
      "en-US": "The {0} Integration Entry was not present in the NiceLabelIntegrationEntries Generic Table.",
      "de-DE": "",
      "zh-CN": "",
      "pt-PT": "",
      "zh-TW": "",
      "vi-VN": "",
      "pl-PL": ""
    },
    "2": {
      "Name": "CustomNotificationTitleForNiceLabelErrorHandler",
      "Description": "Message to de displayed in a notification title - NiceLabel error Handler",
      "MessageType": "Message",
      "UsageType": "Biz",
      "en-US": "NiceLabel integration entry failed",
      "de-DE": "",
      "zh-CN": "",
      "pt-PT": "",
      "zh-TW": "",
      "vi-VN": "",
      "pl-PL": ""
    },
    "3": {
      "Name": "CustomNotificationDetailsForNiceLabelErrorHandler",
      "Description": "Message to de displayed in a notification details - NiceLabel error Handler",
      "MessageType": "Message",
      "UsageType": "Biz",
      "en-US": "Integration Entry {0} with type {1} has failed due to the following reason: {2}",
      "de-DE": "",
      "zh-CN": "",
      "pt-PT": "",
      "zh-TW": "",
      "vi-VN": "",
      "pl-PL": ""
    }
  },
  "<SM>EntityTypeProperty": {
    "1": {
        "EntityType": "IntegrationEntry",
        "Name": "CurrentNumberOfRetries ",
        "Description": "Integer to keep track of the current retry number on a NiceLabel Integration Entry",
        "PropertyType": "Attribute",
        "CopyOnClone": "No",
        "BelongsTo": "",
        "ScalarType": "Int",
        "ScalarSize": "",
        "ScalarPrecision": "",
        "ReferenceType": "None",
        "ReferenceName": "",
        "DefaultValue": "0",
        "IsArray": "",
        "IsEnabled": "Yes",
        "IsHistoryEnable": "Yes",
        "IsIndexed": "",
        "IsMandatory": "",
        "AccessLevel": "",
        "ValidationRange": "",
        "ValidationRegex": ""
    }
  },
  "<LOOKUP>IntegrationHandler": {
    "1": {
        "FromSystem": "NiceLabel",
        "ToSystem": "MES",
        "MessageType": "NiceLabelSSCCInfo",
        "HandlerType": "GenericIntegrationHandler",
        "ActionName": "CustomNiceLabelHandler",
        "ErrorHandlingActionName": "CustomNiceLabelErrorHandler",
        "IsEnabled": "Yes"
    }
  }
}
