{
  "<SM>LocalizedMessageKey": {
    "1": {
      "Name": "CustomStorageResourcePalletCannotBeStored",
      "Description": "Message to be displayed when a new outsorted pallet is being stored, but another pallet is already stored in the storage resource.",
      "MessageType": "Message",
      "UsageType": "Biz",
      "en-US": "A new outsorted pallet cannot be stored because another pallet was already in the storage resource '{0}'.",
      "de-DE": "",
      "zh-CN": "",
      "pt-PT": "",
      "zh-TW": "",
      "vi-VN": "",
      "pl-PL": ""
    },
    "2": {
      "Name": "CustomNoMaterialProductionOrderLocalizedMessage",
      "Description": "Message to be displayed when a material has no production order defined.",
      "MessageType": "Message",
      "UsageType": "Biz",
      "en-US": "Material {0} has no defined Production Order.",
      "de-DE": "",
      "zh-CN": "",
      "pt-PT": "",
      "zh-TW": "",
      "vi-VN": "",
      "pl-PL": ""
    }
  },
  "<SM>NameGenerator": {
		"1": {
			"Name": "CustomOutsortedPalletNameGenerator",
			"Description": "NameGenerator for Outsorted Pallet",
			"Sample": "",
			"TokenName": "Production Order Name",
			"TokenDescription": "",
			"TokenFormat": "",
			"TokenOrder": "1",
			"CalculationMethod": "Property",
			"CalendarPath": "",
			"TokenValue": "Name"
		},
		"2": {
			"Name": "CustomOutsortedPalletNameGenerator",
			"Description": "NameGenerator for Outsorted Pallet",
			"Sample": "",
			"TokenName": "OS",
			"TokenDescription": "",
			"TokenFormat": "",
			"TokenOrder": "2",
			"CalculationMethod": "Constant",
			"CalendarPath": "",
			"TokenValue": "OS"
		},
		"3": {
			"Name": "CustomOutsortedPalletNameGenerator",
			"Description": "NameGenerator for Outsorted Pallet",
			"Sample": "",
			"TokenName": "Counter",
			"TokenDescription": "",
			"TokenFormat": "00000",
			"TokenOrder": "3",
			"CalculationMethod": "RolloverCounter",
			"CalendarPath": "",
			"TokenValue": ""
		}
  }
}