{
  "<SM>LocalizedMessageKey": {
    "1": {
      "Name": "CustomAlarmTerminateFailToValidate",
      "Description": "Localized message when there is no response from controller instance.",
      "MessageType": "Message",
      "UsageType": "Biz",
      "en-US": "Cannot validate if alarm exists in IoT, failed to terminate the CustomAlarmOccurrence.",
      "de-DE": "",
      "zh-CN": "",
      "pt-PT": "",
      "zh-TW": "",
      "vi-VN": "",
      "pl-PL": ""
    },
    "2": {
      "Name": "CustomAlarmTerminateNotAllowed",
      "Description": "Localized message to inform that alarm exists in persistence",
      "MessageType": "Message",
      "UsageType": "Biz",
      "en-US": "Cannot terminate the CustomAlarmOccurrence, because the alarm exists in IoT persistence.",
      "de-DE": "",
      "zh-CN": "",
      "pt-PT": "",
      "zh-TW": "",
      "vi-VN": "",
      "pl-PL": ""
    }
  },
  "<SM>DEEAction": {
    "1": {
      "Action": "CustomAutomationValidateAlarmTermination",
      "Description": "When terminating an CustomAlarmOccurrence, validates if alarm is still in persistence.",
      "CodeFileRelativePath": "Automation\\CustomAutomationValidateAlarmTermination.cs",
      "IsEnabled": "Yes",
      "Classification": "ConnectIoT"
    }
  },
  "DEEActionOrder": {
    "1": {
      "ActionGroup": "BusinessObjects.CustomAlarmOccurrence.Terminate.Pre",
      "Action": "CustomAutomationValidateAlarmTermination",
      "Order": "1"
    }
  }
}