{
  "<SM>EntityTypeProperty": {
    "247": {
      "EntityType": "Material",
      "Name": "CustomReadyToStart",
      "Description": "",
      "PropertyType": "Attribute",
      "CopyOnClone": "No",
      "BelongsTo": "Revision",
      "ScalarType": "Bit",
      "ScalarSize": "0",
      "ScalarPrecision": "0",
      "ReferenceType": "None",
      "ReferenceName": "",
      "DefaultValue": "0",
      "IsArray": "No",
      "IsEnabled": "Yes",
      "IsHistoryEnable": "No",
      "IsIndexed": "No",
      "IsMandatory": "No",
      "AccessLevel": "0",
      "ValidationRange": "",
      "ValidationRegex": "",
      "DataGroup": "",
      "LoadToDWH": "No",
      "LocalizedMessageKey": ""
    }
  },
  "<SM>DEEAction": {
      "1": {
        "Action": "CustomAutomationSaveAttributes",
        "Description": "",
        "CodeFileRelativePath": "Automation\\CustomAutomationSaveAttributes.cs",
        "IsEnabled": "Yes",
        "Classification": "ConnectIoT"
      }
    },
    "DEEActionOrder": {}
}