{
  "WorksheetNameMapping": {
    "1": {
      "WorksheetName": "ChartContextTranslator",
      "Value": "<GT>CustomChartContextTranslator"
    }
  },
  "<GT>GenericTable": {
    "1": {
      "Name": "CustomChartContextTranslator",
      "Description": "Maps logical charts contexts to rules that can automatically calculate its value.",
      "HistoryRetentionTime": "",
      "IsHistoryEnabled": "No",
      "DataGroup": ""
    }
  },
  "GenericTableProperties": {
    "1": {
      "GenericTable": "CustomChartContextTranslator",
      "Name": "ChartContextName",
      "Position": "1",
      "Description": "Needs to match the context that is defined in the Logical Chart",
      "DefaultValue": "",
      "IsKey": "Yes",
      "IsMandatory": "Yes",
      "ScalarType": "NVarChar",
      "Size": "256",
      "Precision": "",
      "ReferenceType": "None",
      "ReferenceName": "",
      "ValidationRange": "",
      "ValidationRegex": "",
      "DataGroup": ""
    },
    "2": {
      "GenericTable": "CustomChartContextTranslator",
      "Name": "ContextRule",
      "Position": "2",
      "Description": "The rule to be executed to get the necessary value on the context",
      "DefaultValue": "",
      "IsKey": "Yes",
      "IsMandatory": "Yes",
      "ScalarType": "NVarChar",
      "Size": "256",
      "Precision": "",
      "ReferenceType": "EntityType",
      "ReferenceName": "Rule.Name",
      "ValidationRange": "",
      "ValidationRegex": "",
      "DataGroup": ""
    }
  },
  "<SM>DEEAction": {
    "1": {
      "Action": "CustomChartProductContext",
      "Description": "Based on the selected material or resource, get the associated product, If the selected resource is Sub-Resource, need to check the Product based on the parent resource",
      "CodeFileRelativePath": "Materials\\CustomChartProductContext.cs",
      "IsEnabled": "Yes",
      "Classification": "IKEA.Material"
    },
    "2": {
      "Action": "CustomChartProductGroupContext",
      "Description": "Based on the selected material resource, get the product group from the related product",
      "CodeFileRelativePath": "Materials\\CustomChartProductGroupContext.cs",
      "IsEnabled": "Yes",
      "Classification": "IKEA.Material"
    },
    "3": {
      "Action": "CustomChartManufacturingOrderContext",
      "Description": "Based on the Material or resource, get the associated production order, if the selected resource is Sub-Resource, need to check the PO based on the parent resource",
      "CodeFileRelativePath": "Materials\\CustomChartManufacturingOrderContext.cs",
      "IsEnabled": "Yes",
      "Classification": "IKEA.Material"
    },
    "4": {
      "Action": "CustomChartResourceContext",
      "Description": "Based on the resource, returns itself or the top most resource, if it is sub-resource",
      "CodeFileRelativePath": "Resources\\CustomChartResourceContext.cs",
      "IsEnabled": "Yes",
      "Classification": "IKEA.Resource"
    },
    "5": {
      "Action": "CustomChartResourceStateContext",
      "Description": "Based on the resource, get the associated resource state, If the selected resource is sub-resource, need to check the state from the parent resource",
      "CodeFileRelativePath": "Resources\\CustomChartResourceStateContext.cs",
      "IsEnabled": "Yes",
      "Classification": "IKEA.Resource"
    }
  },
  "DEEActionOrder": {},
  "<DM>Rule": {
    "1": {
      "Name": "CustomChartProductContext",
      "Description": "Use to fill the Product in the chart context",
      "Scope": "General",
      "DEERule": "CustomChartProductContext"
    },
    "2": {
      "Name": "CustomChartProductGroupContext",
      "Description": "Use to fill the product group in the chart context",
      "Scope": "General",
      "DEERule": "CustomChartProductGroupContext"
    },
    "3": {
      "Name": "CustomChartManufacturingOrderContext",
      "Description": "Use to fill the Manufacturing order in the chart context",
      "Scope": "General",
      "DEERule": "CustomChartManufacturingOrderContext"
    },
    "4": {
      "Name": "CustomChartResourceContext",
      "Description": "Use to fill the current resource in the chart context",
      "Scope": "General",
      "DEERule": "CustomChartResourceContext"
    },
    "5": {
      "Name": "CustomChartResourceStateContext",
      "Description": "Use to fill the current resource state in the chart context",
      "Scope": "General",
      "DEERule": "CustomChartResourceStateContext"
    }
  },
  "<LOOKUP>ChartContextTranslator": {
    "1": {
      "ChartContextName": "Product",
      "ContextRule": "CustomChartProductContext"
    },
    "2": {
      "ChartContextName": "ProductGroup",
      "ContextRule": "CustomChartProductGroupContext"
    },
    "3": {
      "ChartContextName": "ProductionOrder",
      "ContextRule": "CustomChartManufacturingOrderContext"
    },
    "4": {
      "ChartContextName": "Resource",
      "ContextRule": "CustomChartResourceContext"
    },
    "5": {
      "ChartContextName": "ResourceState",
      "ContextRule": "CustomChartResourceStateContext"
    }
  }
}