{
  "<SM>LocalizedMessageKey": {
    "1": {
      "Name": "CustomIonMessageErrorAndEscapeCharacterConfigValueSetToFalse",
      "Description": "Ion Message error and the config to escape characters value is false",
      "MessageType": "Message",
      "UsageType": "Biz",
      "en-US": "The Ion Message received could not be loaded. Verify if configuration /Cmf/Custom/ERP/EscapeCharacters/ value is set to false",
      "de-DE": "",
      "zh-CN": "",
      "pt-PT": "",
      "zh-TW": "",
      "vi-VN": "",
      "pl-PL": ""
    },
    "2":{
      "Name": "CustomIonMessageCouldNotBeLoaded",
      "Description": "Ion Message could not be loaded",
      "MessageType": "Message",
      "UsageType": "Biz",
      "en-US": "The Ion Message received could not be loaded.",
      "de-DE": "",
      "zh-CN": "",
      "pt-PT": "",
      "zh-TW": "",
      "vi-VN": "",
      "pl-PL": ""
    }
  },
  "<SM>Config": {
    "1": {
      "ParentPath": "/Cmf/Custom/ERP/",
      "Name": "IonMessageEscapeCharactersInXML",
      "Value": "False",
      "ValueType": "Boolean"
    }
  }
}