{
    "<SM>DEEAction": {
        "1": {
            "Action": "CustomValidateResourcesAtPreDispatch",
            "Description": "Action To Validate Existing Resources with State Up before Dispatch",
            "CodeFileRelativePath": "Materials\\CustomValidateResourcesAtPreDispatch.cs",
            "IsEnabled": "Yes",
            "Classification": "IKEA.Materials"
        }
    },
    "DEEActionOrder": {
        "1": {
            "ActionGroup": "DispatchManagement.DispatchManagementOrchestration.GetDispatchListForMaterial.Pre",
            "Action": "CustomValidateResourcesAtPreDispatch",
            "Order": "1"
        }
    },
    "<SM>LocalizedMessageKey": {
        "1": {
            "Name": "CustomNoResourcesUpAvailable",
            "Description": "No Resources with system state Up",
            "MessageType": "Message",
            "UsageType": "Biz",
            "en-US": "Cannot perform dispatch because no Resources with State: Up are available. <br>",
            "de-DE": "",
            "zh-CN": "",
            "pt-PT": "",
            "zh-TW": "",
            "vi-VN": "",
            "pl-PL": ""
        }
    }
}