{
  "<SM>DEEAction": {
    "1": {
      "Action": "CustomMaterialProcessingHandler",
      "Description": "Based on the configuration in the CustomMaterialMovementBehavior SmartTable, it will ether automatically Move Next, Move Next and Store, Store or do nothing",
      "CodeFileRelativePath": "Materials\\CustomMaterialProcessingHandler.cs",
      "IsEnabled": "Yes",
      "Classification": "IKEA.Materials"
    },
    "2": {
      "Action": "CustomMaterialOverProductionChangeQuantity",
      "Description": "DEE to handle Overproduction when resources are on Manual mode",
      "CodeFileRelativePath": "Materials\\CustomMaterialOverProductionChangeQuantity.cs",
      "IsEnabled": "Yes",
      "Classification": ""
    }
  },
  "DEEActionOrder": {}
}