{
  "<SM>Config": {
    "1": {
      "ParentPath": "/Cmf/Custom/Assemble/",
      "Name": "IsEnabled",
      "Value": "true",
      "ValueType": "Boolean"
    }
  },
  "<SM>EntityTypeProperty": {
    "1": {
      "EntityType": "BOMProduct",
      "Name": "CustomSourceStep",
      "Description": "Used to save the name of the Source Step that would been saved in the BOM Product if it was not set as reference",
      "PropertyType": "Attribute",
      "CopyOnClone": "No",
      "BelongsTo": "Definition",
      "ScalarType": "NVarChar",
      "ScalarSize": "256",
      "ScalarPrecision": "",
      "ReferenceType": "None",
      "ReferenceName": "",
      "DefaultValue": "",
      "IsArray": "No",
      "IsEnabled": "Yes",
      "IsHistoryEnable": "Yes",
      "IsIndexed": "No",
      "IsMandatory": "No",
      "AccessLevel": "",
      "ValidationRange": "",
      "ValidationRegex": ""
    }
  }
}