{
    "<SM>LocalizedMessageKey": {
        "1": {
            "Name": "CustomOrderCouldNotBeRetrievedFromConsumable",
            "Description": "Message to be displayed when trying to retrieve an order in process from the attached consumable and it fails.",
            "MessageType": "Message",
            "UsageType": "Biz",
            "en-US": "Could not retrieve order in process with attached consumable '{0}'.",
            "de-DE": "",
            "zh-CN": "",
            "pt-PT": "",
            "zh-TW": "",
            "vi-VN": "",
            "pl-PL": ""
        }
    },
    "<SM>DEEAction": {
        "1": {
            "Action": "CustomMaterialOverProductionChangeQuantity",
            "Description": "DEE to handle Overproduction when resources are on Manual mode",
            "CodeFileRelativePath": "Materials\\CustomMaterialOverProductionChangeQuantity.cs",
            "IsEnabled": "Yes",
            "Classification": ""
        },
        "2": {
            "Action": "CustomERPDetachReport",
            "Description": "Action to report the detach of a material from a feeder to ERP",
            "CodeFileRelativePath": "ERP\\CustomERPDetachReport.cs",
            "IsEnabled": "Yes",
            "Classification": "IKEA.ERP"
        },
        "3": {
            "Action": "CustomConsumableAttachmentValidation",
            "Description": "Validates if an attached consumable can be added to a consumable feed",
            "CodeFileRelativePath": "Resources\\CustomConsumableAttachmentValidation.cs",
            "IsEnabled": "Yes",
            "Classification": ""
        },
        "4": {
            "Action": "CustomAutomationDownloadOrderToLineController",
            "Description": "Downloads Orders To Automation",
            "CodeFileRelativePath": "Automation\\CustomAutomationDownloadOrderToLineController.cs",
            "IsEnabled": "Yes",
            "Classification": "ConnectIoT"
        },
        "5": {
            "Action": "CustomAutomationLoadConfigurations",
            "Description": "Downloads Orders To Automation",
            "CodeFileRelativePath": "Automation\\CustomAutomationLoadConfigurations.cs",
            "IsEnabled": "Yes",
            "Classification": "ConnectIoT"
        }
    },
    "DEEActionOrder": {
        "1": {
            "ActionGroup": "ResourceManagement.ResourceManagementOrchestration.DetachConsumableFromResource.Pre",
            "Action": "CustomERPDetachReport",
            "Order": "1"
        },
        "2": {
            "ActionGroup": "ResourceManagement.ResourceManagementOrchestration.DetachConsumablesFromResource.Pre",
            "Action": "CustomERPDetachReport",
            "Order": "2"
        },
        "3": {
            "ActionGroup": "ResourceManagement.ResourceManagementOrchestration.ManageResourceConsumableFeeds.Pre",
            "Action": "CustomERPDetachReport",
            "Order": "3"
        },
        "4": {
            "ActionGroup": "ResourceManagement.ResourceManagementOrchestration.DetachConsumableFromResource.Post",
            "Action": "CustomERPDetachReport",
            "Order": "4"
        },
        "5": {
            "ActionGroup": "ResourceManagement.ResourceManagementOrchestration.DetachConsumablesFromResource.Post",
            "Action": "CustomERPDetachReport",
            "Order": "5"
        },
        "6": {
            "ActionGroup": "ResourceManagement.ResourceManagementOrchestration.ManageResourceConsumableFeeds.Post",
            "Action": "CustomERPDetachReport",
            "Order": "6"
        }
    },
    "<ST>SmartTable": {
        "1": {
            "Name": "CustomParallelExecutionRecipeMode",
            "Description": "Define Parallel Execution mode based on resource and recipes",
            "HistoryRetentionTime": "",
            "IsHistoryEnabled": "Yes",
            "IsRepeatedValuesAllowed": "Yes",
            "DataGroup": ""
        }
    },
    "SmartTableProperties": {
        "1": {
            "SmartTable": "CustomParallelExecutionRecipeMode",
            "Name": "Resource",
            "Position": "1",
            "Description": "Resource",
            "IsKey": "Yes",
            "IsIndexed": "No",
            "IsMandatory": "No",
            "ScalarType": "NVarchar",
            "Size": "256",
            "Precision": "0",
            "ReferenceType": "EntityType",
            "ReferenceName": "Resource.Name",
            "ValidationRange": "",
            "ValidationRegex": "",
            "DataGroup": ""
        },
        "2": {
            "SmartTable": "CustomParallelExecutionRecipeMode",
            "Name": "Product",
            "Position": "2",
            "Description": "Product",
            "IsKey": "Yes",
            "IsIndexed": "No",
            "IsMandatory": "No",
            "ScalarType": "NVarchar",
            "Size": "256",
            "Precision": "0",
            "ReferenceType": "EntityType",
            "ReferenceName": "Product.Name",
            "ValidationRange": "",
            "ValidationRegex": "",
            "DataGroup": ""
        },
        "3": {
            "SmartTable": "CustomParallelExecutionRecipeMode",
            "Name": "Recipe",
            "Position": "3",
            "Description": "Recipe",
            "IsKey": "Yes",
            "IsIndexed": "No",
            "IsMandatory": "No",
            "ScalarType": "NVarchar",
            "Size": "256",
            "Precision": "0",
            "ReferenceType": "EntityType",
            "ReferenceName": "Recipe.Name",
            "ValidationRange": "",
            "ValidationRegex": "",
            "DataGroup": ""
        },
        "4": {
            "SmartTable": "CustomParallelExecutionRecipeMode",
            "Name": "ParallelProduct",
            "Position": "4",
            "Description": "Parallel Product",
            "IsKey": "No",
            "IsIndexed": "No",
            "IsMandatory": "No",
            "ScalarType": "NVarchar",
            "Size": "256",
            "Precision": "0",
            "ReferenceType": "EntityType",
            "ReferenceName": "Product.Name",
            "ValidationRange": "",
            "ValidationRegex": "",
            "DataGroup": ""
        }
    },
    "SmartTablePrecedenceKeys": {
        "1": {
            "SmartTable": "CustomParallelExecutionRecipeMode",
            "PrecedenceKey1": "Resource+Product+Recipe",
            "PrecedenceKey2": "Product+Recipe",
            "PrecedenceKey3": "Resource+Recipe",
            "PrecedenceKey4": "Product",
            "PrecedenceKey5": "Recipe"
        }
    },
    "<SM>Config": {
        "1": {
            "ParentPath": "/Cmf/Custom/ParallelExecution/",
            "Name": "ParallelProductSeparator",
            "Value": " ",
            "ValueType": "String"
        }
    }
}
