{
	"<SM>EntityTypeProperty": {
		"1": {
		  "EntityType": "Resource",
		  "Name": "AllowAlternativeOverproduction",
		  "Description": "",
		  "PropertyType": "Attribute",
		  "CopyOnClone": "No",
		  "BelongsTo": "",
		  "ScalarType": "Bit",
		  "ScalarSize": "0",
		  "ScalarPrecision": "0",
		  "ReferenceType": "None",
		  "ReferenceName": "",
		  "DefaultValue": "0",
		  "IsArray": "No",
		  "IsEnabled": "Yes",
		  "IsHistoryEnable": "No",
		  "IsIndexed": "No",
		  "IsMandatory": "No",
		  "AccessLevel": "0",
		  "ValidationRange": "",
		  "ValidationRegex": "",
		  "DataGroup": "",
		  "LoadToDWH": "No",
		  "LocalizedMessageKey": ""
		}
	},
	"<SM>DEEAction": {
		"1": {
			"Action": "CustomAutomationLoadConfigurations",
			"Description": "",
			"CodeFileRelativePath": "Automation\\CustomAutomationLoadConfigurations.cs",
			"IsEnabled": "Yes",
			"Classification": "ConnectIoT"
		},
		"2": {
			"Action": "CustomMaterialOverProductionChangeQuantity",
			"Description": "",
			"CodeFileRelativePath": "Materials\\CustomMaterialOverProductionChangeQuantity.cs",
			"IsEnabled": "Yes",
			"Classification": ""
		}
	},
	"DEEActionOrder": {
	}  
}