{
  "<SM>LookupTableValues": {
    "1": {
      "LookUp Table": "CustomMaterialMovementHandlingType",
      "Lookup Table Value Parent": "",
      "Lookup Table Value": "ChangeFlowStepAndAttach",
      "Lookup Table Value Description": "ChangeFlowStepAndAttach",
      "Lookup Table IsEnabled": "Yes"
    }
  },
  "<SM>DEEAction": {
    "1": {
      "Action": "CustomMaterialProcessingHandler",
      "Description": "Based on the configuration in the CustomMaterialMovementConfiguration SmartTable, it will ether automatically Move Next, Move Next and Store, Store or do nothing",
      "CodeFileRelativePath": "Materials\\CustomMaterialProcessingHandler.cs",
      "IsEnabled": "Yes",
      "Classification": "IKEA.Materials"
    }
  },
  "DEEActionOrder": {},
  "<SM>LocalizedMessageKey": {
	  "1": {
		"Name": "CustomMaterialProcessingHandlerResourceToAttachException",
		"Description": "Exception message to be displayed when resource to attach for material of type direct repair or rerun does not exist or isn't configured correctly.",
		"MessageType": "Message",
		"UsageType": "Biz",
		"en-US": "Cannot find resource to attach for material {0}, it doesn't exist or isn't correctly configured on smart table CustomMaterialMovementConfiguration.",
		"de-DE": "",
		"zh-CN": "",
		"pt-PT": "",
		"zh-TW": "",
		"vi-VN": "",
		"pl-PL": ""
	  },
    "2": {
      "Name": "CustomMaterialProcessingHandlerFlowPathException",
      "Description": "Exception message to be displayed when flow path for material of type direct repair or rerun  isn't configured correctly.",
      "MessageType": "Message",
      "UsageType": "Biz",
      "en-US": "Cannot find resolve flowpath for material {0}, isn't correctly configured on smart table CustomMaterialFlowResolution.",
      "de-DE": "",
      "zh-CN": "",
      "pt-PT": "",
      "zh-TW": "",
      "vi-VN": "",
      "pl-PL": ""
    }
	}
}