{
    "<SM>DEEAction": {
        "1": {
            "Action": "CustomUnitCompleteHandler",
            "Description": "",
            "CodeFileRelativePath": "MaterialTracking\\CustomUnitCompleteHandler.cs",
            "IsEnabled": "Yes",
            "Classification": "IKEA.Business"
        },
		"2": {
			"Action": "CustomAutomationSaveAttributes",
            "Description": "DEE to be called from IoT to change a resource's attributes",
            "CodeFileRelativePath": "Automation\\CustomAutomationSaveAttributes.cs",
            "IsEnabled": "Yes",
            "Classification": "ConnectIoT"
		}
    },
    "DEEActionOrder": {
    },
	"<DM>Rule": {
		"1": {
		  "Name": "CustomAutomationSaveAttributes",
		  "Description": "Updates the attributes on the resource sent as input",
		  "Scope": "ConnectIoT",
		  "DEERule": "CustomAutomationSaveAttributes"
		}
	},
	"<SM>LocalizedMessageKey": {
		"1": {
		  "Name": "CustomManualOutsortingExplicitTrackingUndefinedPieces",
		  "Description": "Exception message to be displayed when there are undefined pieces in the explicit queue, during manual outsorting",
		  "MessageType": "Message",
		  "UsageType": "Biz",
		  "en-US": "There are {0} undefined pieces in the explicit tracking queue of resource {1}. Please consume the necessary pieces and press the Reload Pending Trackouts button.",
		  "de-DE": "",
		  "zh-CN": "",
		  "pt-PT": "",
		  "zh-TW": "",
		  "vi-VN": "",
		  "pl-PL": ""
		}
	}
}