{
    "<SM>NameGenerator": {
        "1": {
            "Name": "CustomOutsortedPalletNameGenerator",
            "Description": "NameGenerator for Outsorted Pallet",
            "Sample": "",
            "TokenName": "Production Order Name",
            "TokenDescription": "",
            "TokenFormat": "",
            "TokenOrder": "1",
            "CalculationMethod": "Dee",
            "CalendarPath": "",
            "TokenValue": "CustomMaterialNameGeneratorHandler"
        },
        "2": {
            "Name": "CustomOutsortedPalletNameGenerator",
            "Description": "NameGenerator for Outsorted Pallet",
            "Sample": "",
            "TokenName": "PoOsSeparator",
            "TokenDescription": "",
            "TokenFormat": "",
            "TokenOrder": "2",
            "CalculationMethod": "Constant",
            "CalendarPath": "",
            "TokenValue": "."
        },
        "3": {
            "Name": "CustomOutsortedPalletNameGenerator",
            "Description": "NameGenerator for Outsorted Pallet",
            "Sample": "",
            "TokenName": "OS",
            "TokenDescription": "",
            "TokenFormat": "",
            "TokenOrder": "3",
            "CalculationMethod": "Constant",
            "CalendarPath": "",
            "TokenValue": "OS"
        },
        "4": {
            "Name": "CustomOutsortedPalletNameGenerator",
            "Description": "NameGenerator for Outsorted Pallet",
            "Sample": "",
            "TokenName": "OsCounterSeparator",
            "TokenDescription": "",
            "TokenFormat": "",
            "TokenOrder": "4",
            "CalculationMethod": "Constant",
            "CalendarPath": "",
            "TokenValue": "."
        },
        "5": {
            "Name": "CustomOutsortedPalletNameGenerator",
            "Description": "NameGenerator for Outsorted Pallet",
            "Sample": "",
            "TokenName": "Counter",
            "TokenDescription": "",
            "TokenFormat": "00000",
            "TokenOrder": "5",
            "CalculationMethod": "RolloverCounter",
            "CalendarPath": "",
            "TokenValue": ""
        }
    },
    "<SM>DEEAction": {
        "1": {
            "Action": "CustomMaterialNameGeneratorHandler",
            "Description": "Action To Handle ERP Message of type SyncProductionOrder",
            "CodeFileRelativePath": "NameGenerators\\CustomMaterialNameGeneratorHandler.cs",
            "IsEnabled": "Yes",
            "Classification": "IKEA.NameGenerators"
        }
    } 
}