{
  "<SM>DEEAction": {
    "1": {
      "Action": "CustomLoadMaterialsForDispatchLoadPOs",
      "Description": "Loads the materials for dispatch",
      "CodeFileRelativePath": "Materials\\CustomLoadMaterialsForDispatchLoadPOs.cs",
      "IsEnabled": "Yes",
      "Classification": ""
    },
    "2": {
      "Action": "CustomSortMaterialsToDispatchDEE",
      "Description": "Sorts the materials for dispatch",
      "CodeFileRelativePath": "Materials\\CustomSortMaterialsToDispatch.cs",
      "IsEnabled": "Yes",
      "Classification": ""
    }
  },
  "DEEActionOrder": {
    "1": {
      "ActionGroup": "BusinessObjects.MaterialCollection.LoadMaterialsForDispatch.Post",
      "Action": "CustomLoadMaterialsForDispatchLoadPOs",
      "Order": "1"
    }
  }
}
