{
  "<DM>Rule": {
    "1": {
      "Name": "CustomSortMaterialsToDispatch",
      "Description": "Sort the Materials to Dispatch",
      "Scope": "SortRuleSetMaterial",
      "DEERule": "CustomSortMaterialsToDispatchDEE"
    }
  },
  "<DM>SortRuleSet": {
    "1": {
      "Name": "CustomSortRuleSetMaterialsToDispatch",
      "Description": "Sort the Materials to Dispatch by Production Order StartDate",
      "Type": "Standard",
      "Scope": "Material",
      "Rules": "Name[CustomSortMaterialsToDispatch] Direction[Ascending]"
    }
  }
}
