{
  "<SM>DEEAction": {
    "1": {
      "Action": "CustomAutomationForceOrderCompletionFromIoT",
      "Description": "Action to start the ForceOrderCompletion process from IoT",
      "CodeFileRelativePath": "Automation\\CustomAutomationForceOrderCompletionFromIoT.cs",
      "IsEnabled": "Yes",
      "Classification": "ConnectIoT"
    },
    "2": {
      "Action": "CustomAutomationValidateIsOrderCompletable",
      "Description": "Action to verify if MO is completable",
      "CodeFileRelativePath": "Automation\\CustomAutomationValidateIsOrderCompletable.cs",
      "IsEnabled": "Yes",
      "Classification": "ConnectIoT"
    }
  },
  "DEEActionOrder": {},
  "<DM>Rule": {
    "1": {
      "Name": "CustomAutomationForceOrderCompletionFromIoT",
      "Description": "Start the ForceOrderCompletion process from IoT",
      "Scope": "ConnectIoT",
      "DEERule": "CustomAutomationForceOrderCompletionFromIoT"
    },
    "2": {
      "Name": "CustomAutomationValidateIsOrderCompletable",
      "Description": "Verify if MO is completable",
      "Scope": "ConnectIoT",
      "DEERule": "CustomAutomationValidateIsOrderCompletable"
    }
  }
}