{
  "packageId": "Cmf.Custom.IKEA.Database.Pre",
  "version": "4.1.0",
  "description": "Cmf.Custom.Database IKEA Database Scripts Package (Pre)",
  "packageType": "Database",
  "isInstallable": true,
  "isUniqueInstall": true,
  "dependencies": [],
  "steps": [],
  "contentToPack": [
    {
      "source": "ONLINE/UpgradeScripts/$(version)/*",
      "target": "Online/"
    },	
    {
      "source": "ODS/UpgradeScripts/$(version)/*",
      "target": "ODS/"
    },	
	{
      "source": "DWH/UpgradeScripts/$(version)/*",
      "target": "DWH/"
    }
  ]
}