{
    "<SM>EntityTypeProperty": {
        "1": {
            "EntityType": "Product",
            "Name":"CustomRevision",
            "Description":"Revision Number of the Product",
            "PropertyType": "Attribute",
            "CopyOnClone": "No",
            "BelongsTo": "Definition",
            "ScalarType": "NVarChar",
            "ScalarSize": "256",
            "ScalarPrecision": "",
            "ReferenceType": "None",
            "ReferenceName": "",
            "DefaultValue": "",
            "IsArray": "No",
            "IsEnabled": "Yes",
            "IsHistoryEnable": "Yes",
            "IsIndexed": "No",
            "IsMandatory": "No",
            "AccessLevel": "340",
            "ValidationRange": "",
            "ValidationRegex": ""
        }
    }
}