{
    "<SM>DEEAction": {
        "1": {
            "Action": "CustomAutomaticPrintingDocuments",
            "Description": "Auto Print labels based on configuration in the CustomAutomaticPrintableDocumentContext Smart Table.",
            "CodeFileRelativePath": "LabelPrinting\\CustomAutomaticPrintingDocuments.cs",
            "IsEnabled": "Yes",
            "Classification": ""
        }
    },
    "DEEActionOrder": {
        "1": {
            "ActionGroup": "ResourceManagement.ResourceManagementOrchestration.ManageResourceConsumableFeeds.Pre",
            "Action": "CustomAutomaticPrintingDocuments",
            "Order": "1"
        },
        "2": {
            "ActionGroup": "ResourceManagement.ResourceManagementOrchestration.DetachConsumableFromResource.Post",
            "Action": "CustomAutomaticPrintingDocuments",
            "Order": "1"
        },
        "3": {
            "ActionGroup": "ResourceManagement.ResourceManagementOrchestration.DetachConsumablesFromResource.Post",
            "Action": "CustomAutomaticPrintingDocuments",
            "Order": "1"
        }
    },
    "<SM>LookupTableValues": {
        "1": {
            "LookUp Table": "AutomaticPrintingSequence",
            "Lookup Table Value Parent": "",
            "Lookup Table Value": "OnDetach",
            "Lookup Table Value Description": "OnDetach",
            "Lookup Table IsEnabled": "Yes"
        }
    }
}
