{
  "<SM>LocalizedMessageKey": {
    "1": {
      "Name": "CustomForceOrderCompletionInvalidMaterialAttributeValue",
      "Description": "Message to be displayed when calling the ForceOrderCompletion and one of the material attributes is not correct.",
      "MessageType": "Message",
      "UsageType": "Biz",
      "en-US": "Cannot complete Force Order {0}, because the Attribute {1} of Order Material {2} should be {3}, but it is {4} instead.",
      "de-DE": "",
      "zh-CN": "",
      "pt-PT": "",
      "zh-TW": "",
      "vi-VN": "",
      "pl-PL": ""
    },
	"2": {
      "Name": "CustomForceOrderCompletionInvalidMaterialFormState",
      "Description": "Message to be displayed when calling the ForceOrderCompletion and the material form is not correct.",
      "MessageType": "Message",
      "UsageType": "Biz",
      "en-US": "Cannot complete Force Order {0}, because the Form of Order Material {1} should be {2}, but it is {3} instead.",
      "de-DE": "",
      "zh-CN": "",
      "pt-PT": "",
      "zh-TW": "",
      "vi-VN": "",
      "pl-PL": ""
    },
	"3": {
      "Name": "CustomForceOrderCompletionInvalidMaterialStateModel",
      "Description": "Message to be displayed when calling the ForceOrderCompletion and the material model state is not correct.",
      "MessageType": "Message",
      "UsageType": "Biz",
      "en-US": "Cannot complete Force Order {0}, because the Current State of Order Material {1} should be {2}, but it is {3} instead.",
      "de-DE": "",
      "zh-CN": "",
      "pt-PT": "",
      "zh-TW": "",
      "vi-VN": "",
      "pl-PL": ""
    },
	"4": {
      "Name": "CustomForceOrderCompletionInvalidMaterialSystemState",
      "Description": "Message to be displayed when calling the ForceOrderCompletion and the material system state is not correct.",
      "MessageType": "Message",
      "UsageType": "Biz",
      "en-US": "Cannot complete Force Order {0}, because the System State of Order Material {1} should be {2}, but it is {3} instead.",
      "de-DE": "",
      "zh-CN": "",
      "pt-PT": "",
      "zh-TW": "",
      "vi-VN": "",
      "pl-PL": ""
    },
	"5": {
      "Name": "CustomForceOrderCompletionInvalidResourceAutomationMode",
      "Description": "Message to be displayed when calling the ForceOrderCompletion and the resource's automation mode is not correct.",
      "MessageType": "Message",
      "UsageType": "Biz",
      "en-US": "Cannot complete Force Order {0}, because the Automation Mode of the Process Resource {1} should be {2}, but it is {3} instead.",
      "de-DE": "",
      "zh-CN": "",
      "pt-PT": "",
      "zh-TW": "",
      "vi-VN": "",
      "pl-PL": ""
    },
	"6": {
      "Name": "CustomForceOrderCompletionInvalidResourceControllerInstanceError",
      "Description": "Message to be displayed when calling the ForceOrderCompletion and the IoT controller did not return a success code.",
      "MessageType": "Message",
      "UsageType": "Biz",
      "en-US": "Cannot complete Force Order {0}, because the IoT Automation Instance Controller {1} has returned an error.",
      "de-DE": "",
      "zh-CN": "",
      "pt-PT": "",
      "zh-TW": "",
      "vi-VN": "",
      "pl-PL": ""
    },
	"7": {
      "Name": "CustomForceOrderCompletionInvalidResourceMissingControllerInstance",
      "Description": "Message to be displayed when calling the ForceOrderCompletion and the resource has no automation controller instance.",
      "MessageType": "Message",
      "UsageType": "Biz",
      "en-US": "Cannot complete Force Order {0}, because the Process Resource {1} has no Automation Controller Instance available.",
      "de-DE": "",
      "zh-CN": "",
      "pt-PT": "",
      "zh-TW": "",
      "vi-VN": "",
      "pl-PL": ""
    },
    "8": {
      "Name": "CustomMaterialAbortNoAutomationControllerInstanceFound",
      "Description": "Localized message name containing the information that no automation controller to abort was found on the resource",
      "MessageType": "Message",
      "UsageType": "Biz",
      "en-US": "Could not find automation controller for resource {0} while trying to abort",
      "de-DE": "",
      "zh-CN": "",
      "pt-PT": "",
      "zh-TW": "",
      "vi-VN": "",
      "pl-PL": ""
    },
    "9": {
      "Name": "CustomValidateCompletionConditionsNoAutomationControllerInstanceFoundMessage",
      "Description": "Localized message name containing the information that no automation controller to abort was found on the resource",
      "MessageType": "Message",
      "UsageType": "Biz",
      "en-US": "Could not find automation controller for resource {0} while validation completion conditions",
      "de-DE": "",
      "zh-CN": "",
      "pt-PT": "",
      "zh-TW": "",
      "vi-VN": "",
      "pl-PL": ""
    }
  }
}