{
  "packageId": "Cmf.Custom.IKEA.Database.Post",
  "version": "4.0.0",
  "description": "Cmf.Custom.Database IKEA Database Scripts Package (Post)",
  "packageType": "Database",
  "isInstallable": true,
  "isUniqueInstall": true,
  "dependencies": [],
  "steps": [],
  "contentToPack": [
    {
      "source": "ONLINE/UpgradeScripts/$(version)/*",
      "target": "Online/"
    },
	{
      "source": "ONLINE/UserDataModel/Tables/*",
      "target": "Online/"
    },
	{
      "source": "ONLINE/UserDataModel/Views/*",
      "target": "Online/"
    },
	{
      "source": "ONLINE/UserDataModel/Synonyms/*",
      "target": "Online/"
    },
	{
      "source": "ONLINE/UserDataModel/Functions/*",
      "target": "Online/"
    },
	{
      "source": "ONLINE/UserDataModel/Stored Procedures/*",
      "target": "Online/"
    },
	{
      "source": "ONLINE/UserDataModel/User Defined Types/*",
      "target": "Online/"
    },
    {
      "source": "ODS/UpgradeScripts/$(version)/*",
      "target": "ODS/"
    },
	{
      "source": "ODS/UserDataModel/Tables/*",
      "target": "ODS/"
    },
	{
      "source": "ODS/UserDataModel/Views/*",
      "target": "ODS/"
    },
	{
      "source": "ODS/UserDataModel/Synonyms/*",
      "target": "ODS/"
    },
	{
      "source": "ODS/UserDataModel/Functions/*",
      "target": "ODS/"
    },
	{
      "source": "ODS/UserDataModel/Stored Procedures/*",
      "target": "ODS/"
    },
	{
      "source": "ODS/UserDataModel/User Defined Types/*",
      "target": "ODS/"
    },
	{
      "source": "DWH/UpgradeScripts/$(version)/*",
      "target": "DWH/"
    },
	{
      "source": "DWH/UserDataModel/Tables/*",
      "target": "DWH/"
    },
	{
      "source": "DWH/UserDataModel/Views/*",
      "target": "DWH/"
    },
	{
      "source": "DWH/UserDataModel/Synonyms/*",
      "target": "DWH/"
    },
	{
      "source": "DWH/UserDataModel/Functions/*",
      "target": "DWH/"
    },
	{
      "source": "DWH/UserDataModel/Stored Procedures/*",
      "target": "DWH/"
    },
	{
      "source": "DWH/UserDataModel/User Defined Types/*",
      "target": "DWH/"
    }
  ]
}