{
"<SM>LocalizedMessageKey": {
      "1": {
        "Name": "CustomBatchCreationFailedPalletExistsWithSameName",
        "Description": "Cannot create batch in scan material, pallet material with same name already exists",
        "MessageType": "Message",
        "UsageType": "Biz",
        "en-US": "Cannot create batch {0}, pallet material with the same name already exists in the system.",
        "de-DE": "",
        "zh-CN": "",
        "pt-PT": "",
        "zh-TW": "",
        "vi-VN": "",
        "pl-PL": ""
      }
    }
}