{
  "<SM>LocalizedMessageKey": {
    "1": {
      "Name": "CustomAdhocMaterialCouldNotBeAutomaticallyDispatchedTitle",
      "Description": "Message to be displayed in notification title when a material, resulting from an Ad hoc request, can not be automatically dispatched to the requesting resource",
      "MessageType": "Message",
      "UsageType": "Biz",
      "en-US": "The material {0} (Ad hoc order) could not be automatically dispatched.",
      "de-DE": "",
      "zh-CN": "",
      "pt-PT": "",
      "zh-TW": "",
      "vi-VN": "",
      "pl-PL": "Materiał {0} (zamówienie Ad hoc) nie został automatycznie wysłany do zasobu"
    },
    "2": {
      "Name": "CustomAdhocMaterialCouldNotBeAutomaticallyDispatched",
      "Description": "Message to be displayed when a material, resulting from an Ad hoc request, can not be automatically dispatched to the requesting resource",
      "MessageType": "Message",
      "UsageType": "Biz",
      "en-US": "The requested material {0} (system state: {1}) could not be automatically dispatched to resource {2} (system state: {3}).",
      "de-DE": "",
      "zh-CN": "",
      "pt-PT": "",
      "zh-TW": "",
      "vi-VN": "",
      "pl-PL": "Zamówiony Materiał {0} (stan systemu: {1}) nie został automatycznie wysłany do zasobu {2} (stan systemu: {3})."
    }
  },
  "<SM>EntityTypeProperty": {
    "1": {
      "EntityType": "IntegrationEntry",
      "Name": "ERPRequestPOName",
      "Description": "Stores PO name, received from ERP, when MES requests an Ad-Hoc PO for type rework or repair",
      "PropertyType": "Attribute",
      "CopyOnClone": "Yes",
      "BelongsTo": "Definition",
      "ScalarType": "NVarChar",
      "ScalarSize": "256",
      "ScalarPrecision": "",
      "ReferenceType": "None",
      "ReferenceName": "",
      "DefaultValue": "",
      "IsArray": "No",
      "IsEnabled": "Yes",
      "IsHistoryEnable": "Yes",
      "IsIndexed": "Yes",
      "IsMandatory": "No",
      "AccessLevel": "",
      "ValidationRange": "",
      "ValidationRegex": ""
    },
    "2": {
      "EntityType": "IntegrationEntry",
      "Name": "ERPRequestResourceName",
      "Description": "Stores the name of the resource that requested an Ad-Hoc PO for type rework or repair",
      "PropertyType": "Attribute",
      "CopyOnClone": "Yes",
      "BelongsTo": "Definition",
      "ScalarType": "NVarChar",
      "ScalarSize": "256",
      "ScalarPrecision": "",
      "ReferenceType": "None",
      "ReferenceName": "",
      "DefaultValue": "",
      "IsArray": "No",
      "IsEnabled": "Yes",
      "IsHistoryEnable": "Yes",
      "IsIndexed": "Yes",
      "IsMandatory": "No",
      "AccessLevel": "",
      "ValidationRange": "",
      "ValidationRegex": ""
    }
  },
  "<SM>DEEAction": {    
    "1": {
      "Action": "CustomERPRequestProductionOrderHandler",
      "Description": "Action used by the integration handler when performing a new Production Order request from MES to ERP.",
      "CodeFileRelativePath": "ERP\\CustomERPRequestProductionOrderHandler.cs",
      "IsEnabled": "Yes",
      "Classification": "IKEA.ERP"
    },
    "2": {
      "Action": "CustomAutoDispatchExceptionBehavior",
      "Description": "Action to handle auto dispatch exception behavior",
      "CodeFileRelativePath": "Materials\\CustomAutoDispatchExceptionBehavior.cs",
      "IsEnabled": "Yes",
      "Classification": "IKEA.Materials"
    }
  },
  "DEEActionOrder": {    
    "1": {
      "ActionGroup": "BusinessObjects.MaterialCollection.Create.Post",
      "Action": "CustomAutoDispatchExceptionBehavior",
      "Order": "1"
    },
    "2": {
      "ActionGroup": "BusinessObjects.MaterialCollection.MoveToNextStep.Post",
      "Action": "CustomAutoDispatchExceptionBehavior",
      "Order": "1"
    }
  }
}