{
    "<SM>EntityTypeProperty": {
        "1": {
            "EntityType": "Resource",
            "Name":"AlarmRequired",
            "Description":"Boolean to check if Alarm is Required",
            "PropertyType": "Attribute",
            "CopyOnClone": "No",
            "BelongsTo": "",
            "ScalarType": "Bit",
            "ScalarSize": "",
            "ScalarPrecision": "",
            "ReferenceType": "None",
            "ReferenceName": "",
            "DefaultValue": "0",
            "IsArray": "No",
            "IsEnabled": "Yes",
            "IsHistoryEnable": "Yes",
            "IsIndexed": "",
            "IsMandatory": "No",
            "AccessLevel": "",
            "ValidationRange": "",
            "ValidationRegex": ""
        },
		"2": {
            "EntityType": "Resource",
            "Name":"MAORequired",
            "Description":"Boolean to check if MAO is Required",
            "PropertyType": "Attribute",
            "CopyOnClone": "No",
            "BelongsTo": "",
            "ScalarType": "Bit",
            "ScalarSize": "",
            "ScalarPrecision": "",
            "ReferenceType": "None",
            "ReferenceName": "",
            "DefaultValue": "0",
            "IsArray": "No",
            "IsEnabled": "Yes",
            "IsHistoryEnable": "Yes",
            "IsIndexed": "",
            "IsMandatory": "No",
            "AccessLevel": "",
            "ValidationRange": "",
            "ValidationRegex": ""
		}
    },
	"<SM>Config": {
		"1": {
		  "ParentPath": "/Cmf/Custom/AlarmHandling/",
		  "Name": "OEEStateToBeForcedWhenAlarmRequired",
		  "Value": "BREAKDOWN TIME MACHINE",
		  "ValueType": "String"
		}
	},
	"<ST>SmartTable": {
		"1": {
		  "Name": "CustomMAOHandlingOEEState",
		  "Description": "Table to handle OEE State based on MAO",
		  "HistoryRetentionTime": "30",
		  "IsHistoryEnabled": "Yes",
		  "IsRepeatedValuesAllowed": "No",
		  "DataGroup": ""
		}
	},
	"SmartTableProperties": {
		"1": {
		  "SmartTable": "CustomMAOHandlingOEEState",
		  "Name": "Facility",
		  "Position": "1",
		  "Description": "Facility",
		  "IsKey": "Yes",
		  "IsIndexed": "No",
		  "IsMandatory": "No",
		  "ScalarType": "NVarChar",
		  "Size": "512",
		  "Precision": "",
		  "ReferenceType": "EntityType",
		  "ReferenceName": "Facility.Name",
		  "ValidationRange": "",
		  "ValidationRegex": "",
		  "DataGroup": ""
		},
		"2": {
		  "SmartTable": "CustomMAOHandlingOEEState",
		  "Name": "Area",
		  "Position": "2",
		  "Description": "Area",
		  "IsKey": "Yes",
		  "IsIndexed": "No",
		  "IsMandatory": "No",
		  "ScalarType": "NVarChar",
		  "Size": "512",
		  "Precision": "",
		  "ReferenceType": "EntityType",
		  "ReferenceName": "Area.Name",
		  "ValidationRange": "",
		  "ValidationRegex": "",
		  "DataGroup": ""
		},
		"3": {
		  "SmartTable": "CustomMAOHandlingOEEState",
		  "Name": "Resource",
		  "Position": "3",
		  "Description": "Resource",
		  "IsKey": "Yes",
		  "IsIndexed": "No",
		  "IsMandatory": "No",
		  "ScalarType": "NVarChar",
		  "Size": "512",
		  "Precision": "",
		  "ReferenceType": "EntityType",
		  "ReferenceName": "Resource.Name",
		  "ValidationRange": "",
		  "ValidationRegex": "",
		  "DataGroup": ""
		},
		"4": {
		  "SmartTable": "CustomMAOHandlingOEEState",
		  "Name": "MAOType",
		  "Position": "4",
		  "Description": "Maintenance Activity Type",
		  "IsKey": "No",
		  "IsIndexed": "No",
		  "IsMandatory": "Yes",
		  "ScalarType": "NVarChar",
          "Size": "512",
		  "Precision": "",
		  "ReferenceType": "LookupValue",
		  "ReferenceName": "MaintenanceActivityType",
		  "ValidationRange": "",
		  "ValidationRegex": "",
		  "DataGroup": ""
		},
		"5": {
		  "SmartTable": "CustomMAOHandlingOEEState",
		  "Name": "OEEState",
		  "Position": "5",
		  "Description": "OEE State",
		  "IsKey": "No",
		  "IsIndexed": "No",
		  "IsMandatory": "No",
		  "ScalarType": "NVarChar",
		  "Size": "512",
		  "Precision": "",
		  "ReferenceType": "LookupValue",
		  "ReferenceName": "CustomResourceStateChanges",
		  "ValidationRange": "",
		  "ValidationRegex": "",
		  "DataGroup": ""
		},
		"6": {
		  "SmartTable": "CustomMAOHandlingOEEState",
		  "Name": "OEEStateReason",
		  "Position": "6",
		  "Description": "OEE State Reason",
		  "IsKey": "No",
		  "IsIndexed": "No",
		  "IsMandatory": "No",
		  "ScalarType": "NVarChar",
		  "Size": "512",
		  "Precision": "",
		  "ReferenceType": "None",
		  "ValidationRange": "",
		  "ValidationRegex": "",
		  "DataGroup": ""
		}	
	},
	"SmartTablePrecedenceKeys": {
		"1": {
		  "SmartTable": "CustomMAOHandlingOEEState",
		  "PrecedenceKey1": "Resource+Area+Facility",
		  "PrecedenceKey2": "Resource+Area",
		  "PrecedenceKey3": "Resource+Facility",
		  "PrecedenceKey4": "Area+Facility",
		  "PrecedenceKey5": "Resource",
		  "PrecedenceKey6": "Area",
		  "PrecedenceKey7": "Facility"
		}
	},
	"<SM>DEEAction": {
		"1": {
			"Action": "CustomAutomationSetStateOnResource",
			"Description": "Automation to set OEE state on resource.",
			"CodeFileRelativePath": "Automation\\CustomAutomationSetStateOnResource.cs",
			"IsEnabled": "Yes",
			"Classification": "ConnectIoT"
		},
		"2": {
			"Action": "ResourceAutoStateChange",
			"Description": "ResourceAutoStateChange",
			"CodeFileRelativePath": "Resources\\ResourceAutoStateChange.cs",
			"IsEnabled": "Yes",
			"Classification": "IKEA.Resources"
		},
		"3": {
			"Action": "CustomStateModelTransitionValidate",
			"Description": "CustomStateModelTransitionValidate",
			"CodeFileRelativePath": "MaintenanceActivityOrders\\CustomStateModelTransitionValidate.cs",
			"IsEnabled": "Yes",
			"Classification": ""
		}
	},
	"DEEActionOrder": {
		"1": {
            "ActionGroup": "MaintenanceManagement.MaintenanceManagementOrchestration.BeginMaintenanceActivityOrders.Pre",
            "Action": "CustomStateModelTransitionValidate",
            "Order": "1"
        },
		"2": {
            "ActionGroup": "MaintenanceManagement.MaintenanceManagementOrchestration.CompleteMaintenanceActivityOrders.Pre",
            "Action": "CustomStateModelTransitionValidate",
            "Order": "2"
        }
	},
	"<SM>LocalizedMessageKey": {
		"1": {
		  "Name": "CustomBlockOEEStateChangeOnBeginLocalizedMessage",
		  "Description": "Resource's OEE State cannot be empty because there is an alarm active or there's data in the table CustomMAOHandlingOEEState",
		  "MessageType": "Message",
		  "UsageType": "Biz",
		  "en-US": "Resource's OEE State cannot be empty because there is an alarm active or there's data in the table CustomMAOHandlingOEEState for Resource(s): \n{0}",
		  "de-DE": "",
		  "zh-CN": "",
		  "pt-PT": "",
		  "zh-TW": "",
		  "vi-VN": "",
		  "pl-PL": ""
		},
		"2": {
			"Name": "CustomBlockOEEStateChangeOnCompleteLocalizedMessage",
			"Description": "Resource's OEE State cannot be empty because the new state was calculated by IoT",
			"MessageType": "Message",
			"UsageType": "Biz",
			"en-US": "Resource's OEE State cannot be empty because the new state was calculated by IoT for Resource(s): \n{0}",
			"de-DE": "",
			"zh-CN": "",
			"pt-PT": "",
			"zh-TW": "",
			"vi-VN": "",
			"pl-PL": ""
		}
	}
}