{
  "<SM>Config": {
    "1": {
      "ParentPath": "/Cmf/Custom/Shift/",
      "Name": "CustomShiftChangeOffsetTime",
      "Value": "15",
      "ValueType": "Int16"
    }
  },
  "<SM>DEEAction": {
    "1": {
      "Action": "CustomShiftChangeReportInitialShiftQuantity",
      "Description": "Dee to report shift quantities upon shift changes",
      "CodeFileRelativePath": "Shifts\\CustomShiftChangeReportInitialShiftQuantity.cs",
      "IsEnabled": "Yes",
      "Classification": "Shifts"
    },
    "2": {
      "Action": "CustomResourceUpdateCurrentQuantity",
      "Description": "Dee to report shift quantities during the shift execution",
      "CodeFileRelativePath": "Shifts\\CustomResourceUpdateCurrentQuantity.cs",
      "IsEnabled": "Yes",
      "Classification": "ConnectIoT"
    },
    "3": {
      "Action": "CustomAutomationPartialTrackOut",
      "Description": "Unit Complete",
      "CodeFileRelativePath": "Automation\\CustomAutomationPartialTrackOut.cs",
      "IsEnabled": "Yes",
      "Classification": "ConnectIoT"
    },
    "4": {
      "Action": "CustomUpdateAndRetrieveInitialShiftQuantity",
      "Description": "Reduces the InitialShiftQuantity for the provided MO and resource by the provided quantity. Outputs the InitialShiftQuantity before update.",
      "CodeFileRelativePath": "Shifts\\CustomUpdateAndRetrieveInitialShiftQuantity.cs",
      "IsEnabled": "Yes",
      "Classification": "ConnectIoT"
    }
  },
  "<DM>Rule": {
    "1": {
      "Name": "CustomShiftChangeReportInitialShiftQuantity",
      "Description": "Rule to handle Shift Changes and Initial Shift Quantity reporting",
      "Scope": "LaborManagement",
      "DEERule": "CustomShiftChangeReportInitialShiftQuantity",
      "DocumentationURL": "",
      "IsTemplate": "No",
      "Type": "UserDefined",
      "Context": ""
    },
    "2": {
	  "Name": "CustomResourceUpdateCurrentQuantity",
	  "Description": "Updates the current quantities for each feeder of each MO",
	  "Scope": "ConnectIoT",
	  "DEERule": "CustomResourceUpdateCurrentQuantity"
    },
    "3": {
	  "Name": "CustomUpdateAndRetrieveInitialShiftQuantity",
	  "Description": "Reduces the InitialShiftQuantity for the provided MO and resource by the provided quantity. Outputs the InitialShiftQuantity before update.",
	  "Scope": "ConnectIoT",
	  "DEERule": "CustomUpdateAndRetrieveInitialShiftQuantity"
	}
  },
  "<SM>EntityTypeProperty": {
    "1": {
      "EntityType": "Material",
      "Name": "CustomInitialShiftQuantity",
      "Description": "",
      "PropertyType": "Attribute",
      "CopyOnClone": "No",
      "BelongsTo": "Revision",
      "ScalarType": "Decimal",
      "ScalarSize": "8",
      "ScalarPrecision": "18",
      "ReferenceType": "None",
      "ReferenceName": "",
      "DefaultValue": "0",
      "IsArray": "No",
      "IsEnabled": "Yes",
      "IsHistoryEnable": "No",
      "IsIndexed": "No",
      "IsMandatory": "No",
      "AccessLevel": "0",
      "ValidationRange": "",
      "ValidationRegex": "",
      "DataGroup": "",
      "LoadToDWH": "No",
      "LocalizedMessageKey": ""
    },
    "2": {
      "EntityType": "Resource",
      "Name": "CustomCurrentQuantityUpdateFrequency",
      "Description": "",
      "PropertyType": "Attribute",
      "CopyOnClone": "No",
      "BelongsTo": "Revision",
      "ScalarType": "Int",
      "ScalarSize": "0",
      "ScalarPrecision": "0",
      "ReferenceType": "None",
      "ReferenceName": "",
      "DefaultValue": "300000",
      "IsArray": "No",
      "IsEnabled": "Yes",
      "IsHistoryEnable": "No",
      "IsIndexed": "No",
      "IsMandatory": "No",
      "AccessLevel": "0",
      "ValidationRange": "",
      "ValidationRegex": "",
      "DataGroup": "",
      "LoadToDWH": "No",
      "LocalizedMessageKey": ""
    },
    "3": {
      "EntityType": "CustomManufacturingOrderOutFeeder",
      "Name": "CustomCurrentQuantity",
      "Description": "",
      "PropertyType": "Attribute",
      "CopyOnClone": "No",
      "BelongsTo": "Revision",
      "ScalarType": "Decimal",
      "ScalarSize": "8",
      "ScalarPrecision": "18",
      "ReferenceType": "None",
      "ReferenceName": "",
      "DefaultValue": "0",
      "IsArray": "No",
      "IsEnabled": "Yes",
      "IsHistoryEnable": "No",
      "IsIndexed": "No",
      "IsMandatory": "No",
      "AccessLevel": "0",
      "ValidationRange": "",
      "ValidationRegex": "",
      "DataGroup": "",
      "LoadToDWH": "No",
      "LocalizedMessageKey": ""
    },
    "4": {
      "EntityType": "CustomManufacturingOrderOutFeeder",
      "Name": "CustomInitialShiftQuantity",
      "Description": "",
      "PropertyType": "Attribute",
      "CopyOnClone": "No",
      "BelongsTo": "Revision",
      "ScalarType": "Decimal",
      "ScalarSize": "8",
      "ScalarPrecision": "18",
      "ReferenceType": "None",
      "ReferenceName": "",
      "DefaultValue": "0",
      "IsArray": "No",
      "IsEnabled": "Yes",
      "IsHistoryEnable": "No",
      "IsIndexed": "No",
      "IsMandatory": "No",
      "AccessLevel": "0",
      "ValidationRange": "",
      "ValidationRegex": "",
      "DataGroup": "",
      "LoadToDWH": "No",
      "LocalizedMessageKey": ""
    },
    "5": {
      "EntityType": "CmfTimer",
      "Name": "CustomIsShiftTimer",
      "Description": "",
      "PropertyType": "Attribute",
      "CopyOnClone": "No",
      "BelongsTo": "Revision",
      "ScalarType": "Bit",
      "ScalarSize": "0",
      "ScalarPrecision": "0",
      "ReferenceType": "None",
      "ReferenceName": "",
      "DefaultValue": "0",
      "IsArray": "No",
      "IsEnabled": "Yes",
      "IsHistoryEnable": "No",
      "IsIndexed": "No",
      "IsMandatory": "No",
      "AccessLevel": "0",
      "ValidationRange": "",
      "ValidationRegex": "",
      "DataGroup": "",
      "LoadToDWH": "No",
      "LocalizedMessageKey": ""
    }
  }  
}