{
    "<SM>DEEAction": {
        "1": {
            "Action": "CustomAutomationSendOEEState ",
            "Description": "Sends information to IoT to update the tag with the OEE State and Reason information.",
            "CodeFileRelativePath": "Automation\\CustomAutomationSendOEEState.cs",
            "IsEnabled": "Yes",
            "Classification": "ConnectIoT"
        }
    },
    "DEEActionOrder": {
		"1": {
			"ActionGroup": "BusinessObjects.Resource.LogEvent.Post",
			"Action": "CustomAutomationSendOEEState",
			"Order": "1"
		}
	}
}
