{
	"<SM>LocalizedMessageKey": {
	  "1": {
		"Name": "CustomIoT020Message",
		"Description": "Exception message to be displayed when error occurs accessing automation servers (OPC-UA).",
		"MessageType": "Message",
		"UsageType": "Biz",
		"en-US": "Could not communicate with automation servers (OPC-UA).",
		"de-DE": "",
		"zh-CN": "",
		"pt-PT": "",
		"zh-TW": "",
		"vi-VN": "",
		"pl-PL": ""
	  }
	},
	"<GT>CustomIoTResponseCodes": {
		"1": {
		"ResponseCode": "020",
		"Description": "Error Code for error accessing automation servers (OPC-UA)",
		"LocalizedMessage": "CustomIoT020Message"
	  }
	}
}