{
  "<SM>DEEAction": {
    "1": {
      "Action": "CustomLoadAutomationJobsOnSetup",
      "Description": "Action to Load missing Automation Jobs in the controller",
      "CodeFileRelativePath": "Automation\\CustomLoadAutomationJobsOnSetup.cs",
      "IsEnabled": "Yes",
      "Classification": "ConnectIoT"
    },
    "2": {
      "Action": "CustomRestartMissingAutomationJobs",
      "Description": "Action to restart the missing controller automation jobs",
      "CodeFileRelativePath": "Automation\\CustomRestartMissingAutomationJobs.cs",
      "IsEnabled": "Yes",
      "Classification": "ConnectIoT"
    }
  },
  "DEEActionOrder": {},
  "<DM>Rule": {
    "1": {
      "Name": "CustomLoadAutomationJobsOnSetup",
      "Description": "Load missing Automation Jobs in the controller",
      "Scope": "ConnectIoT",
      "DEERule": "CustomLoadAutomationJobsOnSetup"
    },
    "2": {
      "Name": "CustomRestartMissingAutomationJobs",
      "Description": "Restart the missing controller automation jobs",
      "Scope": "ConnectIoT",
      "DEERule": "CustomRestartMissingAutomationJobs"
    }
  }
}