{
    "<SM>EntityTypeProperty": {
        "1": {
            "EntityType": "Resource",
            "Name":"RoundOverProductionAndLossQuantity",
            "Description":"Boolean to check if this line should round Losses and OverProdution",
            "PropertyType": "Attribute",
            "CopyOnClone": "No",
            "BelongsTo": "Definition",
            "ScalarType": "Bit",
            "ScalarSize": "",
            "ScalarPrecision": "",
            "ReferenceType": "None",
            "ReferenceName": "",
            "DefaultValue": "",
            "IsArray": "No",
            "IsEnabled": "Yes",
            "IsHistoryEnable": "Yes",
            "IsIndexed": "No",
            "IsMandatory": "No",
            "AccessLevel": "",
            "ValidationRange": "",
            "ValidationRegex": ""
        }
    },
    "<SM>DEEAction": {
        "1": {
          "Action": "CustomMaterialOverProductionChangeQuantity",
          "Description": "DEE to handle Overproduction when resources are on Manual mode",
          "CodeFileRelativePath": "Materials\\CustomMaterialOverProductionChangeQuantity.cs",
          "IsEnabled": "Yes",
          "Classification": ""
        }
      },
      "DEEActionOrder": {}
}