{
    "<SM>DEEAction": {
        "1": {
            "Action": "CustomERPReportRetrievalFromStorage",
            "Description": "Reports retrieval to ERP",
            "CodeFileRelativePath": "ERP\\CustomERPReportRetrievalFromStorage.cs",
            "IsEnabled": "Yes",
            "Classification": "IKEA.ERP"
        }
    },
    "DEEActionOrder": {
        "1": {
            "ActionGroup": "BusinessObjects.MaterialCollection.Retrieve.Post",
            "Action": "CustomERPReportRetrievalFromStorage",
            "Order": "1"
        }
    }
}