{
    "<SM>DEEAction": {
        "1": {
            "Action": "CustomMaterialProcessingHandler",
            "Description": "Based on the configuration in the CustomMaterialMovementConfiguration SmartTable, it will ether automatically Move Next, Move Next and Store, Store or do nothing",
            "CodeFileRelativePath": "Materials\\CustomMaterialProcessingHandler.cs",
            "IsEnabled": "Yes",
            "Classification": "IKEA.Materials"
        }
    },
    "DEEActionOrder": {}
}