{
    "<SM>LocalizedMessageKey": {
        "1": {
          "Name": "CustomDisplayCorrectFlowPath",
          "Description": "Error message to be thrown when an invalid Flow Path is found",
          "MessageType": "Message",
          "UsageType": "Biz",
          "en-US": "{0} [{1}] is incorrect. Correct value is [{2}]",
          "de-DE": "",
          "zh-CN": "",
          "pt-PT": "",
          "zh-TW": "",
          "vi-VN": "",
          "pl-PL": ""
        }
    },
    "<SM>DEEAction": {
        "1": {
            "Action": "CustomValidateFlowPathInMaterialFlowResolution",
            "Description": "",
            "CodeFileRelativePath": "SmartTables\\CustomValidateFlowPathInMaterialFlowResolution.cs",
            "IsEnabled": "Yes",
            "Classification": ""
        }
    },
    "DEEActionOrder": {
    }
}