{
  "<SM>DEEAction": {
    "1": {
      "Action": "ResourceAutoStateChange",
      "Description": "ResourceAutoStateChange",
      "CodeFileRelativePath": "Resources\\ResourceAutoStateChange.cs",
      "IsEnabled": "Yes",
      "Classification": "IKEA.Resources"
    },
    "2": {
      "Action": "CustomStateModelTransitionValidate",
      "Description": "CustomStateModelTransitionValidate",
      "CodeFileRelativePath": "MaintenanceActivityOrders\\CustomStateModelTransitionValidate.cs",
      "IsEnabled": "Yes",
      "Classification": "IKEA.MaintenanceActivityOrders"
    },
    "3": {
      "Action": "CustomERPMaintenanceHandleActivityProgress",
      "Description": "CustomERPMaintenanceHandleActivityProgress",
      "CodeFileRelativePath": "ERP\\Maintenance\\CustomERPMaintenanceHandleActivityProgress.cs",
      "IsEnabled": "Yes",
      "Classification": "IKEA.ERP.MAINTENANCE"
    }
  },
  "DEEActionOrder": {}
}