{
    "<ST>SmartTable": {
        "1": {
            "Name": "CustomWMSOverDeliveryResolution",
            "Description": "Table to resolve products and resources that can accept an over-delivery from WMS, and the threshold for the over-delivery",
            "HistoryRetentionTime": "30",
            "IsHistoryEnabled": "Yes",
            "IsRepeatedValuesAllowed": "No",
            "DataGroup": ""
        }
    },
    "SmartTableProperties": {
        "1": {
            "SmartTable": "CustomWMSOverDeliveryResolution",
            "Name": "Facility",
            "Position": "1",
            "Description": "Facility",
            "IsKey": "Yes",
            "IsIndexed": "No",
            "IsMandatory": "No",
            "ScalarType": "NVarChar",
            "Size": "512",
            "Precision": "",
            "ReferenceType": "EntityType",
            "ReferenceName": "Facility.Name",
            "ValidationRange": "",
            "ValidationRegex": "",
            "DataGroup": ""
        },
        "2": {
            "SmartTable": "CustomWMSOverDeliveryResolution",
            "Name": "Area",
            "Position": "2",
            "Description": "The Area",
            "IsKey": "Yes",
            "IsIndexed": "No",
            "IsMandatory": "No",
            "ScalarType": "NVarChar",
            "Size": "512",
            "Precision": "",
            "ReferenceType": "EntityType",
            "ReferenceName": "Area.Name",
            "ValidationRange": "",
            "ValidationRegex": "",
            "DataGroup": ""
        },
        "3": {
            "SmartTable": "CustomWMSOverDeliveryResolution",
            "Name": "Resource",
            "Position": "3",
            "Description": "The Resource",
            "IsKey": "Yes",
            "IsIndexed": "No",
            "IsMandatory": "No",
            "ScalarType": "NVarChar",
            "Size": "512",
            "Precision": "",
            "ReferenceType": "EntityType",
            "ReferenceName": "Resource.Name",
            "ValidationRange": "",
            "ValidationRegex": "",
            "DataGroup": ""
        },
        "4": {
            "SmartTable": "CustomWMSOverDeliveryResolution",
            "Name": "WorkCenter",
            "Position": "4",
            "Description": "The WorkCenter",
            "IsKey": "Yes",
            "IsIndexed": "No",
            "IsMandatory": "No",
            "ScalarType": "NVarChar",
            "Size": "512",
            "Precision": "",
            "ReferenceType": "None",
            "ReferenceName": "",
            "ValidationRange": "",
            "ValidationRegex": "",
            "DataGroup": ""
        },
        "5": {
            "SmartTable": "CustomWMSOverDeliveryResolution",
            "Name": "ProductGroup",
            "Position": "5",
            "Description": "The ProductGroup",
            "IsKey": "Yes",
            "IsIndexed": "No",
            "IsMandatory": "No",
            "ScalarType": "NVarChar",
            "Size": "512",
            "Precision": "",
            "ReferenceType": "EntityType",
            "ReferenceName": "ProductGroup.Name",
            "ValidationRange": "",
            "ValidationRegex": "",
            "DataGroup": ""
        },
        "6": {
            "SmartTable": "CustomWMSOverDeliveryResolution",
            "Name": "Product",
            "Position": "6",
            "Description": "The Product",
            "IsKey": "Yes",
            "IsIndexed": "No",
            "IsMandatory": "No",
            "ScalarType": "NVarChar",
            "Size": "512",
            "Precision": "",
            "ReferenceType": "EntityType",
            "ReferenceName": "Product.Name",
            "ValidationRange": "",
            "ValidationRegex": "",
            "DataGroup": ""
        },
        "7": {
            "SmartTable": "CustomWMSOverDeliveryResolution",
            "Name": "OverDeliveryPercentage",
            "Position": "7",
            "Description": "The OverDelivery Percentage",
            "IsKey": "No",
            "IsIndexed": "No",
            "IsMandatory": "Yes",
            "ScalarType": "Decimal",
            "Size": "8",
            "Precision": "18",
            "ReferenceType": "None",
            "ReferenceName": "",
            "ValidationRange": "",
            "ValidationRegex": "",
            "DataGroup": ""
        },
        "8": {
            "SmartTable": "CustomWMSOverDeliveryResolution",
            "Name": "MaxOverDeliveryQuantity",
            "Position": "8",
            "Description": "The max OverDelivery Quantity",
            "IsKey": "No",
            "IsIndexed": "No",
            "IsMandatory": "No",
            "ScalarType": "Decimal",
            "Size": "8",
            "Precision": "18",
            "ReferenceType": "None",
            "ReferenceName": "",
            "ValidationRange": "",
            "ValidationRegex": "",
            "DataGroup": ""
        }
    },
    "SmartTablePrecedenceKeys": {
        "1": {
            "SmartTable": "CustomWMSOverDeliveryResolution",
            "PrecedenceKey1": "Resource+Product",
            "PrecedenceKey2": "Resource+ProductGroup",
            "PrecedenceKey3": "WorkCenter+Product",
            "PrecedenceKey4": "WorkCenter+ProductGroup",
            "PrecedenceKey5": "Resource+WorkCenter+Product",
            "PrecedenceKey6": "Resource+WorkCenter+ProductGroup",
            "PrecedenceKey7": "Area+Product",
            "PrecedenceKey8": "Area+ProductGroup",
            "PrecedenceKey9": "Facility+Product",
            "PrecedenceKey10": "Facility+ProductGroup",
            "PrecedenceKey11": "Product",
            "PrecedenceKey12": "ProductGroup",
            "PrecedenceKey13": "Resource",
            "PrecedenceKey14": "WorkCenter",
            "PrecedenceKey15": "Facility"
        }
    },
    "<SM>LocalizedMessageKey": {
        "1": {
            "Name": "CustomWMSRequestOverDeliveryThresholdSurpassedTitle",
            "Description": "Notification title displayed when a WMS Manual Feed Request quantity surpasses the treshold defined on the CustomWMSRequestOverDelivery SmartTable",
            "MessageType": "Message",
            "UsageType": "Biz",
            "en-US": "WMS delivered quantity exceeded OverDelivery threshold",
            "de-DE": "",
            "zh-CN": "",
            "pt-PT": "",
            "zh-TW": "",
            "vi-VN": "",
            "pl-PL": ""
        },
        "2": {
            "Name": "CustomWMSRequestOverDeliveryThresholdSurpassedMessage",
            "Description": "Notification message displayed when a WMS Manual Feed Request quantity surpasses the treshold defined on the CustomWMSRequestOverDelivery SmartTable",
            "MessageType": "Message",
            "UsageType": "Biz",
            "en-US": "WMS delivered a quantity ({0}) that exceeds the maximum threshold for over delivery ({1}), according to the set up laid down in Smart Table CustomWMSOverDeliveryResolution",
            "de-DE": "",
            "zh-CN": "",
            "pt-PT": "",
            "zh-TW": "",
            "vi-VN": "",
            "pl-PL": ""
        }
    },
    "<SM>NameGenerator": {
		"1": {
			"Name": "CustomWMSMaterialTrackerNameGenerator",
			"Description": "NameGenerator for WMS Material Tracker",
			"Sample": "",
			"TokenName": "BaseName",
			"TokenDescription": "",
			"TokenFormat": "",
			"TokenOrder": "1",
			"CalculationMethod": "Property",
			"CalendarPath": "",
			"TokenValue": "Name"
		},
		"2": {
			"Name": "CustomWMSMaterialTrackerNameGenerator",
			"Description": "NameGenerator for WMS Material Tracker",
			"Sample": "",
			"TokenName": "Separator1",
			"TokenDescription": "",
			"TokenFormat": "",
			"TokenOrder": "2",
			"CalculationMethod": "Constant",
			"CalendarPath": "",
			"TokenValue": "."
		},
		"3": {
			"Name": "CustomWMSMaterialTrackerNameGenerator",
			"Description": "NameGenerator for WMS Material Tracker",
			"Sample": "",
			"TokenName": "Date",
			"TokenDescription": "",
			"TokenFormat": "yyyyMMddhhmmss",
			"TokenOrder": "3",
			"CalculationMethod": "DateTime",
			"CalendarPath": "",
			"TokenValue": ""
		},
		"4": {
			"Name": "CustomWMSMaterialTrackerNameGenerator",
			"Description": "NameGenerator for WMS Material Tracker",
			"Sample": "",
			"TokenName": "Separator2",
			"TokenDescription": "",
			"TokenFormat": "",
			"TokenOrder": "4",
			"CalculationMethod": "Constant",
			"CalendarPath": "",
			"TokenValue": "."
		},
		"5": {
			"Name": "CustomWMSMaterialTrackerNameGenerator",
			"Description": "NameGenerator for WMS Material Tracker",
			"Sample": "",
			"TokenName": "Counter",
			"TokenDescription": "",
			"TokenFormat": "00",
			"TokenOrder": "5",
			"CalculationMethod": "RolloverCounter",
			"CalendarPath": "",
			"TokenValue": ""
		}
        
  }
}