{
    "<SM>EntityTypeProperty": {
        "1": {
            "EntityType": "MaintenanceActivityOrder",
            "Name": "StartedByOperator",
            "Description": "Flag to determine if MaintenanceActivityOrder was started by an operator",
            "PropertyType": "Attribute",
            "CopyOnClone": "No",
            "BelongsTo": "",
            "ScalarType": "Bit",
            "ScalarSize": "",
            "ScalarPrecision": "",
            "ReferenceType": "",
            "ReferenceName": "",
            "DefaultValue": "0",
            "IsArray": "",
            "IsEnabled": "Yes",
            "IsHistoryEnable": "Yes",
            "IsIndexed": "",
            "IsMandatory": "",
            "AccessLevel": "",
            "ValidationRange": "",
            "ValidationRegex": ""
        }
    }
}