{
	"<SM>DEEAction": {
		"1": {
			"Action": "CustomStateModelTransitionValidate",
			"Description": "CustomStateModelTransitionValidate",
			"CodeFileRelativePath": "MaintenanceActivityOrders\\CustomStateModelTransitionValidate.cs",
			"IsEnabled": "Yes",
			"Classification": ""
		},
		"2": {
			"Action": "ResourceAutoStateChange",
			"Description": "ResourceAutoStateChange",
			"CodeFileRelativePath": "Resources\\ResourceAutoStateChange.cs",
			"IsEnabled": "Yes",
			"Classification": "IKEA.Resources"
		}
	},
	"DEEActionOrder": {
	}
}