{
	"<SM>Config": {
		"1": {
			"ParentPath": "/Cmf/Custom/AlarmHandling/",
			"Name": "AlarmTimeBeforeGetAllAlarmInfo",
			"Value": "1500",
			"ValueType": "Int32"
		}
	},
	"<SM>EntityTypeProperty": {
		"1": {
			"EntityType": "CustomAlarmOccurrence",
			"Name": "AlarmAck",
			"Description": "",
			"PropertyType": "Attribute",
			"CopyOnClone": "",
			"BelongsTo": "",
			"ScalarType": "DateTime",
			"ScalarSize": "",
			"ScalarPrecision": "",
			"ReferenceType": "None",
			"ReferenceName": "",
			"DefaultValue": "",
			"IsArray": "",
			"IsEnabled": "Yes",
			"IsHistoryEnable": "",
			"IsIndexed": "",
			"IsMandatory": "",
			"AccessLevel": "",
			"ValidationRange": "",
			"ValidationRegex": ""
		}
	},
	"<SM>DEEAction": {
		"1": {
			"Action": "TestAlarmFromLineController",
			"Description": "Test action to simulate alarm from line controller",
			"CodeFileRelativePath": "TestActions\\TestAlarmFromLineController.cs",
			"IsEnabled": "Yes",
			"Classification": "IKEA.TestActions"
		}
	},
	"DEEActionOrder": {}
}