{
  "<SM>Config": {
    "1": {
      "ParentPath": "/Cmf/Custom/NiceLabel/",
      "Name": "IsEnabled",
      "Value": "false",
      "ValueType": "Boolean"
    }
  },
  "<SM>DEEAction": {
	  "1": {
		"Action": "CustomERPReportRetrievalFromStorage",
		"Description": "Reports retrieval to ERP",
		"CodeFileRelativePath": "ERP\\CustomERPReportRetrievalFromStorage.cs",
		"IsEnabled": "Yes",
		"Classification": "IKEA.ERP"
		},
		"2": {
		"Action": "CustomERPUnitCompleteComunication",
		"Description": "Send a message to ERP indicating the completion of an unit",
		"CodeFileRelativePath": "ERP\\CustomERPUnitCompleteComunication.cs",
		"IsEnabled": "Yes",
		"Classification": "IKEA.ERP"
		},
		"3": {
      "Action": "CustomMaterialQualityReclassification",
      "Description": "Reports the pallet creation to ERP if the pallet changes from a not reported type to a reported type",
      "CodeFileRelativePath": "Materials\\CustomMaterialQualityReclassification.cs",
      "IsEnabled": "Yes",
      "Classification": "IKEA.Materials"
    }
	},
  "DEEActionOrder": {
    "1": {
      "ActionGroup": "BusinessObjects.MaterialCollection.Retrieve.Post",
      "Action": "CustomERPReportRetrievalFromStorage",
      "Order": "1"
	}
  }
}