{
	"<SM>DEEAction": {
		"1": {
			"Action": "ResourceAutoStateChange",
			"Description": "ResourceAutoStateChange",
			"CodeFileRelativePath": "Resources\\ResourceAutoStateChange.cs",
			"IsEnabled": "Yes",
			"Classification": "IKEA.Resources"
		},
		"2": {
			"Action": "CustomStateModelTransitionValidate",
			"Description": "CustomStateModelTransitionValidate",
			"CodeFileRelativePath": "MaintenanceActivityOrders\\CustomStateModelTransitionValidate.cs",
			"IsEnabled": "Yes",
			"Classification": ""
		}
	},
	"DEEActionOrder": {
		"1": {
            "ActionGroup": "MaintenanceManagement.MaintenanceManagementOrchestration.BeginMaintenanceActivityOrders.Pre",
            "Action": "CustomStateModelTransitionValidate",
            "Order": "1"
        },
		"2": {
            "ActionGroup": "MaintenanceManagement.MaintenanceManagementOrchestration.CompleteMaintenanceActivityOrders.Pre",
            "Action": "CustomStateModelTransitionValidate",
            "Order": "2"
        }
	}
}