{
  "<SM>LocalizedMessageKey": {
    "1": {
      "Name": "CustomAlarmBlockFeederStillActiveRemainsInterlock",
      "Description": "Error shown when trying to clear interlock while there are still active alarms with Blockfeeder option configured",
      "MessageType": "Message",
      "UsageType": "Biz",
      "en-US": "Did not update the resource interlock status. Alarm '{0}' with BlockFeeder is still active.",
      "de-DE": "",
      "zh-CN": "",
      "pt-PT": "",
      "zh-TW": "",
      "vi-VN": "",
      "pl-PL": ""
    }
  }
}